brca1,brca2,palb2,pten,tp53,atm,cdh1,chek2,nbn,nf1,stk11,bard1,mlh1,msh2,msh6,pms2,epcam,rad51c,rad51d,rad50,rb1,rbl1,rbl2,ccna1,ccnb1,cdk1,ccne1,cdk2,cdc25a,ccnd1,cdk4,cdk6,ccnd2,cdkn2a,cdkn2b,myc,cdkn1a,cdkn1b,e2f1,e2f2,e2f3,e2f4,e2f5,e2f6,e2f7,e2f8,src,jak1,jak2,stat1,stat2,stat3,stat5a,stat5b,mdm2,tp53bp1,adam10,adam17,aph1a,aph1b,arrdc1,cir1,ctbp1,ctbp2,cul1,dll1,dll3,dll4,dtx1,dtx2,dtx3,dtx4,ep300,fbxw7,hdac1,hdac2,hes1,hes5,heyl,itch,jag1,jag2,kdm5a,lfng,maml1,maml2,maml3,ncor2,ncstn,notch1,notch2,notch3,nrarp,numb,numbl,psen1,psen2,psenen,rbpj,rbpjl,rfng,snw1,spen,hes2,hes4,hes7,hey1,hey2,acvr1,acvr1b,acvr1c,acvr2a,acvr2b,acvrl1,akt1,akt1s1,akt2,apaf1,arl11,atr,aurka,bad,bcl2,bcl2l1,bmp10,bmp15,bmp2,bmp3,bmp4,bmp5,bmp6,bmp7,bmpr1a,bmpr1b,bmpr2,braf,casp10,casp3,casp6,casp7,casp8,casp9,chek1,csf1,csf1r,cxcl8,cxcr1,cxcr2,dab2,diras3,dlec1,dph1,egfr,eif4e,eif4ebp1,eif5a2,erbb2,erbb3,erbb4,fas,fgf1,fgfr1,folr1,folr2,folr3,foxo1,foxo3,gdf11,gdf2,gsk3b,hif1a,hla-g,hras,igf1,igf1r,inha,inhba,inhbc,itgav,itgb3,izumo1r,kdr,kit,kras,map2k1,map2k2,map2k3,map2k4,map2k5,map3k1,map3k3,map3k4,map3k5,mapk1,mapk12,mapk14,mapk3,mapk4,mapk6,mapk7,mapk8,mapk9,mdc1,mlst8,mmp1,mmp10,mmp11,mmp12,mmp13,mmp14,mmp15,mmp16,mmp17,mmp19,mmp2,mmp21,mmp23b,mmp24,mmp25,mmp26,mmp27,mmp28,mmp3,mmp7,mmp9,mtor,nfkb1,nfkb2,opcml,pdgfa,pdgfb,pdgfra,pdgfrb,pdpk1,peg3,pik3ca,pik3r1,pik3r2,plagl1,ptk2,rab25,rad51,raf1,rassf1,rheb,rictor,rps6,rps6ka1,rps6ka2,rps6kb1,rps6kb2,rptor,slc19a1,smad1,smad2,smad3,smad4,smad5,smad6,smad7,smad9,sptbn1,terc,tert,tgfb1,tgfb2,tgfb3,tgfbr1,tgfbr2,tgfbr3,tsc1,tsc2,vegfa,vegfb,wfdc2,wwox,zfyve9,arid1a,arid1b,cbfb,gata3,kmt2c,kmt2d,myh9,ncor1,pde4dip,ptprd,ros1,runx1,tbx3,abcb1,abcb11,abcc1,abcc10,bbc3,bmf,cyp2c8,cyp3a4,fgf2,fn1,map2,map4,mapt,nr1i2,slco1b3,tubb1,tubb4a,tubb4b,twist1,adgra2,afdn,aff2,agmo,agtr2,ahnak,ahnak2,akap9,alk,apc,arid2,arid5b,asxl1,asxl2,bap1,bcas3,birc6,cacna2d3,ccnd3,chd1,clk3,clrn2,col12a1,col22a1,col6a3,ctcf,ctnna1,ctnna3,dnah11,dnah2,dnah5,dtwd2,fam20c,fanca,fancd2,flt3,foxp1,frmd3,gh1,gldc,gpr32,gps2,hdac9,herc2,hist1h2bc,kdm3a,kdm6a,klrg1,l1cam,lama2,lamb3,large1,ldlrap1,lifr,lipi,magea8,map3k10,map3k13,men1,mtap,muc16,myo1a,myo3a,ncoa3,nek1,nf2,npnt,nr2f1,nr3c1,nras,nrg3,nt5e,or6a2,palld,pbrm1,ppp2cb,ppp2r2a,prkacg,prkce,prkcq,prkcz,prkg1,prps2,prr16,ptpn22,ptprm,rasgef1b,rpgr,ryr2,sbno1,setd1a,setd2,setdb1,sf3b1,sgcd,shank2,siah1,sik1,sik2,smarcb1,smarcc1,smarcc2,smarcd1,spaca1,stab2,stmn2,syne1,taf1,taf4b,tbl1xr1,tg,thada,thsd7a,ttyh1,ubr5,ush2a,usp9x,utrn,zfp36l1,ackr3,akr1c1,akr1c2,akr1c3,akr1c4,akt3,ar,bche,cdk8,cdkn2c,cyb5a,cyp11a1,cyp11b2,cyp17a1,cyp19a1,cyp21a2,cyp3a43,cyp3a5,cyp3a7,ddc,hes6,hsd17b1,hsd17b10,hsd17b11,hsd17b12,hsd17b13,hsd17b14,hsd17b2,hsd17b3,hsd17b4,hsd17b6,hsd17b7,hsd17b8,hsd3b1,hsd3b2,hsd3b7,mecom,met,ncoa2,nrip1,pik3r3,prkci,prkd1,ran,rdh5,sdc4,serpini1,shbg,slc29a1,sox9,spry2,srd5a1,srd5a2,srd5a3,st7,star,tnk2,tulp4,ugt2b15,ugt2b17,ugt2b7
0.3133,-0.4228,1.0274,-2.451,0.5627,1.1525,1.2692,-0.1189,1.4722,-0.4798,-0.299,1.0751,1.0468,-0.498,0.4017,0.1907,-0.3308,-0.5859,1.177,-0.0021,1.6331,0.7487,-0.5097,0.0047,0.2348,1.5898,-0.2261,1.1282,0.5191,0.4941,-0.3478,-0.5634,-0.726,-1.1938,-0.7879999999999999,1.8374,-0.5345,-0.3665,0.2052,0.5677,0.0065,-0.6239,1.7686,-0.4194,1.8525,1.2389,-0.7504,0.1664,0.4977,-0.2619,-1.4777,-0.0756,-0.1988,0.1096,-0.5045,0.0518,0.9196,0.5112,-0.6004,0.4853,-1.1662,-0.8517,-0.7648,0.6421,-0.2641,-0.4907,-0.4298,-3.3606,-1.3542,-1.5301,-0.7196,-1.8309,0.7067,-0.1336,0.3006,1.4145,-0.5811,-0.5443,0.4755,0.1342,0.4939,-0.6697,0.4363,1.0627,-0.1193,-1.2784,-1.5086,0.1735,-0.2478,0.049,-0.6279,-0.0213,0.7822,-1.0187,-0.0555,1.5322,0.8567,0.2421,0.8267,0.358,0.1756,-0.2889,-0.3754,-0.0054,-1.3734,1.3995,-0.6369,1.725,-1.7274,0.1425,-1.9108,-1.5851,0.7194,-0.4925,0.3176,-0.4863,-0.2948,-0.2881,0.3892,-0.3995,0.8955,-1.2158,1.6957,-0.2212,-1.0468,-1.1545,0.4506,-1.9761,1.207,-0.27,-0.0525,-0.2349,-0.0614,-0.6279,0.0175,1.9788,0.1902,-0.5056,-1.0762,-0.0397,-0.2261,0.8315,1.0332,0.2028,-0.1881,0.5835,1.2487,1.5447,-0.8792,-0.5156,-1.2034,0.1047,-0.446,-0.6493,-0.9415,-0.9209,-0.5183,1.004,0.0302,-1.2584,-1.2961,0.7205,-0.6282,0.449,-1.0037,0.257,0.6352,-0.2516,0.6722,-0.0126,0.2753,-1.2898,0.031,-0.6484,-0.3738,-0.7461,1.3928,1.2299,0.3653,0.1269,1.5394,0.4758,-0.565,-0.4495,0.8332,-1.0474,-1.1173,-0.4594,0.0059,-0.5679,-1.0433,0.1177,-1.3562,0.3012,0.047,1.3264,0.1008,-0.3815,-0.335,0.6088,0.3361,1.2286,0.3956,0.6212,-0.6476,-0.5558,-0.2267,-0.1915,-0.5111,0.3497,-0.6592,-0.9178,0.174,0.944,-1.1171,-1.2978,1.2291,-1.0301,-0.7002,0.3529,-2.9283,0.4349,-0.304,-0.2918,0.6324,-0.2644,-1.0004,-0.0003,-1.1583,-1.6081,-0.5425,-0.6990000000000001,-0.7858,1.4817,-1.0169,-0.9426,-0.7459,-1.7226,0.1203,1.5837,0.1498,1.3601,-0.0883,-0.1469,1.2251,-1.1307,-0.075,-1.0701,-1.3183,-0.0374,-0.2882,-0.9716,1.1388,1.8997,-0.1229,-0.6981,1.452,-0.695,0.3915,1.7063,1.0108,-0.3577,0.3913,0.1932,2.622,0.0732,-0.2795,-0.6724,-0.0932,0.0841,-1.2377,0.6446,-0.517,-0.9889,2.0203,1.1469,-0.3516,-0.0697,0.91,1.0645,0.6169,-0.9926,0.667,0.6173,0.1885,-0.4571,-0.9342,-0.0602,-1.0463,0.4955,-0.2372,0.6692,0.0119,0.0555,0.9058,0.0269,-0.5636,-0.3824,-0.1777,-0.2162,-0.7093,0.204,0.4639999999999999,-0.5094,0.547,0.6848,-0.7946,0.5325,0.1525,-0.7605,-0.5739,-1.6964,0.308,0.0359,-0.4206,-0.6211,0.8057,-0.9699,-0.3542,0.4088,0.5292,0.0179,-0.9572,-0.322,-0.0744,-0.6628,-0.2557,-0.2042,0.5406,-0.0585,0.5809,0.1694,-1.1885,0.246,1.262,0.288,0.1184,-0.0148,0.7041,0.1169,0.5139,-0.4949,0.0835,0.8616,0.1869,-0.4707,-0.5244,1.1767,0.5956,1.3421,-0.3664,-0.6494,-0.1057,-0.8238,-0.962,-0.1562,0.7533,-1.0732,0.2494,-0.9742,-0.3619,-0.8935,-0.0029,0.3303,-0.2658,-1.5271,-1.5081,-0.4539,0.3534,-0.736,0.1598,-0.222,-0.238,-1.14,-1.0293,-0.657,-0.7303,-0.8629,0.9406,-0.1043,-0.6484,0.1306,-0.623,-0.6936,-0.9445,-0.2292,-0.0342,1.7106,0.0687,-1.3209,-0.7503,-0.4784,-0.3272,-0.7495,-0.6949,1.5512,0.7048,-0.3482,-0.1794,0.4499,0.6923,-0.0492,1.1811,-0.4082,-1.567,0.5511,0.5808,1.2707,-1.1888,1.3602,0.5538,-0.4523,-0.033,-0.9894,-0.2475,-0.5703,-0.4991,-0.5523,-0.5399,0.3275,-0.2672,-0.7017,-0.6663,1.0614,-0.0262,0.8919,-0.1735,-1.3965,2.2369,-1.1507,0.467,-0.391,0.2166,0.7976,-0.5486,0.1885,0.7143,0.5442,-0.2824,-0.6599,0.2731,-0.9417,0.2007,0.1769,0.5485,-0.2721,-1.0199,-0.1855,1.9722,-1.3184,0.1016,0.7018,-1.5,-0.3717,0.3525,-0.8524,-0.4723,0.7031,0.1933,-0.2136,-0.0561,0.0394,-0.8959999999999999,-0.8961,-0.7872,-0.9648,1.2025,0.9432,-1.4548,-0.2608,-1.3213,0.5378,-0.7538,-0.5539999999999999,-0.4941,-0.8977,0.964,-0.4867,-0.9589,-0.0535,-0.871,-0.7461,0.5365,0.1669999999999999,-0.5692,1.8204,-0.7423,-0.7019,-0.8616
1.0699,0.9562,-1.3953,-1.0461,1.2343,1.3263,1.1841,-0.2482,-0.1262,0.6543,-0.7340000000000001,-0.7591,0.4481,0.1557,-0.1736,0.5167,-0.0236,-0.5111,-0.1274,-0.4668,1.0573,1.0858,-0.1596,0.0002,0.4712,0.367,-0.1221,-0.1186,-0.3235,-0.1252,-0.1264,0.2266,-0.1773,-0.6496,0.0379,0.4729,0.6507,-0.0167,-0.5575,-1.2364,-0.6099,0.0742,0.3905,-0.1189,0.6857,0.4384,1.408,0.4645,-0.7806,0.0915,-0.4936,1.409,-1.0726,-0.7664,0.8863,0.2882,0.3452,0.8513,0.835,0.1778,-1.2177,0.4527,1.9269,0.2857,0.5577,0.5274,0.4457,0.1873,-0.0529,0.763,-0.1449,1.0364,-0.1541,-0.9344,-1.0906,0.0834,0.0839,-1.1077,0.0711,-1.1584,-0.3813,0.2536,-0.6975,0.8604,0.5296,-0.1032,-1.2018,-1.4111,0.5991,0.1229,-0.5381,0.4163,-0.9606,-0.1513,-0.4725,1.4617,2.5165,2.2915,0.1759,-0.7131,-0.7178,-0.0687,-0.8204,0.6989,0.3532,-2.5811,-0.5659,1.3752,1.2333,0.4636,0.6803,-0.2994,0.0984,0.8313,0.4069,-0.4167,-0.3873,1.5684,0.1001,1.0855,1.3125,-0.287,-0.6379,-0.1092,-0.3461,0.3223,0.1867,-0.8284,0.157,-0.0584,0.1416,-0.1208,0.1294,-1.0902,-0.6661,-0.3055,1.1921,1.2926,1.8044,0.2613,0.8369,-0.2883,0.6596,0.0692,0.564,0.0274,-0.413,-1.0951,-0.1243,0.2038,0.8255,-0.3425,-0.1211,0.0014,-0.3518,-1.0942,-0.6576,0.0369,-0.7847,0.5377,0.2768,0.3565,2.5301,1.6043,0.5859,0.3296,-0.5853,-0.6104,0.4367,0.2422,2.9251,1.5465,0.8517,0.851,-0.5541,-0.581,0.7461,0.2937,0.3918,0.6191,-0.1606,-0.1789,0.2747,0.0876,1.1521,-1.6812,0.5047,-0.11,-1.1998,-0.3504,-0.831,0.2726,-1.2576,-0.6765,-0.356,0.6934,-0.6183,-0.6353,0.4669,-0.0701,-0.3357,1.213,-1.2614,-0.6359,-0.3697,-0.2416,0.5289,0.1911,-0.0586,-0.2005,0.0095,-0.3329999999999999,-0.3379999999999999,0.5426,0.1143,-0.7843,0.528,0.591,0.8762,-0.6484,0.2219,-0.2221,-0.0209,0.5602,0.1209,-2.226,0.9092,-0.6032,2.0675,-0.9092,-0.3916,0.9083,0.1818,0.0462,-0.0352,1.1943,0.2019999999999999,0.3053,0.0174,-0.5676,1.1999,-0.047,-0.6392,-0.5234,1.0815,-0.5215,0.1705,-1.7028,0.4701,-1.2991,-0.5959,-0.5411,-0.5508,0.3349,0.5082,-1.2852,0.407,0.1612,0.6352,0.3429999999999999,-0.1862,-0.2101,-0.8877,-1.4194,-1.3277,1.0176,-0.1131,-1.3861,0.6195,0.2353,-1.0447,0.5064,-0.4721,0.5677,-0.2995,-0.1252,1.0154,0.499,0.332,1.8798,0.2664,-1.0222,0.5609,-0.7312,0.0404,-0.9488,-0.1865,-0.9128,1.1349,-0.8874,-0.0316,-0.7564,-0.5727,-0.5024,0.6233,-0.7071,0.6485,0.4772,-0.5119,1.4632,-0.4888,-0.3779999999999999,0.0861,0.084,-1.7166,0.4796,-0.5262,0.9852,0.1968,0.1362,-0.469,-0.3356,-0.8947,-0.6849,0.0304,-0.2757,-1.4015,0.2401,0.3938,1.3624,-0.1632,-0.3226,-0.7253,-0.2231,-0.0985,-0.8339,0.1117,-0.5039,-0.3741,-0.0496,-0.1579,0.5634,0.1919,0.9191,1.8682,1.4638,-1.1618,0.7103,0.5226,0.945,1.3136,0.0128,0.2858,-0.4988,0.0462,-0.34,-0.6079,0.1589,-0.0431,-0.275,0.2636,-0.5234,-0.8815,0.5735,-0.3439,-0.1839,0.1091,0.0373,0.7561,0.7898,-0.2199,-0.7624,0.3079,-0.0338,-0.1619,0.7674,-0.8007,-0.5697,-1.1298,2.0681,1.3017,-0.3293,-2.5147,-0.8246,-0.3549,-0.015,0.4094,0.1498,0.4781,-0.093,0.8775,-2.0501,0.4248,0.2021,0.7093,-0.2486,-1.2657,0.5605,-0.2881,-0.3366,-0.6371,1.5383,-0.6187,0.4085,0.2822,0.1021,0.7821,-1.3725,0.3804,-1.4969,0.2102,-0.5705,0.3885,-0.039,-0.3198,-0.0336,1.3155,0.5839,-0.4575,-1.5305,-0.6385,0.1745,0.5093,0.8918,0.2018,1.0827,0.8208,0.1122,-0.8321,-1.3186,-0.4738,-0.7944,-0.3216,-0.7386,1.4458,0.7581,-0.489,1.128,1.8633,0.7744,0.623,0.3375,0.7769,-0.3863,-0.2564,-0.0033,0.5793,-0.2138,0.257,-0.7564,1.0152,-1.5975,-1.822,-0.428,0.8603,0.9031,0.0098,-0.5746,1.3283,1.4575,0.7254,0.3308,0.1796,-0.0009,-0.0901,-0.3555,-0.163,-0.1502,0.9397,0.6695,-0.4953,0.1188,-1.0251,0.0573,-0.2951,0.4186,0.2423,-0.6601,-1.0975,0.9167,-0.0286,0.6883,-0.032,-0.5702,-0.7247,-0.3756,0.1289,0.6194,0.2876,-0.5346,0.2323,0.6955,-0.7672,-0.0619,-0.4865,-0.281,2.6561,5.2734,1.0053
0.6143,-0.5537,-0.4949,-2.8164,-0.226,0.5081,-2.4334,0.7805,0.0188,-0.1636,0.8909,0.9804,0.975,-0.1127,0.2092,1.3889,0.3303,0.0948,0.2362,-0.3482,0.2101,0.0629,-0.7581,1.1469,0.6844,0.3092,-0.0056,0.0728,-0.2483,0.765,1.0258,-0.2003,0.5697,-0.1124,1.0864,0.936,-0.9711,0.7191,0.4046,0.8954,0.2561,-0.7626,-0.3816,1.5281,0.6416,1.1595,0.1767,0.3679,-0.6105,0.3053,-0.0183,0.3683,0.0996,-0.482,1.354,1.1683,-0.5378,1.1992,0.7581,-0.1679,0.7882,-0.1614,0.8992,2.2763,-0.2748,-0.7518,-0.2009,-0.218,-0.2852,0.2987,0.1055,0.281,0.1415,0.6097,-0.6786,-0.2248,-0.5394,-0.0065,-0.2673,-0.9043,-0.8458,-0.6923,1.3522,0.298,0.5329999999999999,0.8723,-0.959,-0.2059,0.4012,0.0623,0.0829,-0.4526,0.422,0.4545,-0.4516,1.2186,0.1951,1.0685,0.5688,0.1989,1.2097,0.6515,0.9824,-1.1724,-0.9095,1.0388,-0.4817,-0.5444,0.5565,1.7427,-1.3995,-0.0289999999999999,-0.0802,-0.8227,0.3981,-0.4425,0.8844,-0.2857,1.3751,1.5542,0.0588,0.5242,0.7659,-0.985,-0.556,0.8613,-0.4511,-1.2656,-0.3908,-0.6875,-0.5147,-0.2649,-0.8819,-0.4087,-1.179,-0.3071,1.2343,-1.0611,0.7914,0.7481,-0.079,0.6757,-0.1281,-0.0881,-0.5307,-0.1912,-1.6434,1.9149,-0.649,0.2983,-0.3969,-1.1814,-0.5027,0.5936,-1.0051,-0.8285,0.1781,0.7631,-0.5747,-0.0349,0.1761,0.2688,-0.9697,0.1732,-0.2525,0.6093,1.1339,-0.4296,-0.8723,0.529,0.1215,-0.7619,-0.2576,0.5588,0.373,1.0033,-1.121,1.5095,-0.6275,0.6943,0.5113,-1.9272,0.9393,-0.773,0.5192,-0.2456,0.4292,-0.2039,1.2366,0.8166,-0.7773,-0.6077,-0.6482,0.5646,-1.0878,1.4506,-1.5654,-0.8618,-0.3366,-0.5448,-0.2889,0.6361,0.4688,-0.6915,-0.5755,-0.4255,0.8538,-0.564,-0.6326,-0.1255,-1.0191,-0.2394,-0.2957,1.5096,0.0833,-0.6744,0.0134,-0.7105,0.3597,-1.0527,-0.9401,-0.6334,-0.8383,-1.3409,-1.2976,0.9205,-0.4828,-0.8989,0.3193,-0.1281,-0.9295,-0.0431,0.1824,0.2876,0.3566,-0.5556,0.6377,2.137,-0.3289999999999999,-0.45,0.7278,0.8457,-0.2601,-1.0936,0.4427,0.4115,0.3933,-0.8377,-0.1788,-0.3849,-0.5379999999999999,0.0121,0.4148,1.6969,-1.5079,-0.3133,1.3093,0.1755,0.9229,0.899,0.3867,-1.2149,-0.1504,-0.2007,-0.4677,0.5005,0.311,0.1429,-0.1319,-1.0165,0.3989999999999999,0.0005,-0.3579,1.034,-0.3,-0.8814,2.5806,2.1105,1.4253,-0.2803,0.8774,-0.5056,-0.7166,-0.1304,2.1862,-0.8889,0.9777,-0.0408,-0.4659,1.6869999999999998,-0.5419,-1.0791,-1.0678,-1.0275,0.7302,1.457,-1.0019,0.6287,-0.0248,2.2531,-0.3731,0.2527,1.4991,-0.2759,-0.0621,0.379,0.6349,0.6788,0.4016,0.4064,-0.8202,-0.6062,-1.1233,0.5127,0.6709999999999999,-0.1095,-0.06,-0.5637,-0.3866,0.4723,0.0812,0.1069,0.1447,-0.5893,0.1881,-0.3525,-0.6588,-0.0809,0.4287,1.2935,-0.7592,0.8290000000000001,-0.5813,0.3999,-0.2974,0.8183,1.8766,0.5169,-0.6182,-0.0108,1.3409,-1.2516,-0.91,0.2167,-0.2485,-0.9252,-0.6041,0.0765,-0.6274,-0.8004,-1.3437,-1.4835,1.3417,-0.6551,-0.6194,-0.0607,0.0533,-0.6081,-0.0905,-0.883,2.2591,0.2031,-0.5754,-0.1069,-0.1954,0.0602,0.1468,1.3695,-0.1875,-0.5774,-0.0623,-0.0271,-0.9742,0.8978,0.1242,1.0037,0.4157,1.0057,-0.1024,-0.2345,0.2651,-1.7451,1.0468,-1.9049,-0.4694,-0.8418,0.3481,-0.126,-0.9183,0.009,-0.9466,0.4607,-0.4771,-0.7343,-0.8813,-0.0653,0.1513,-0.4814,-0.1347,-0.4293,1.9395,0.4265,2.7027,0.7093,-0.3737,-0.5038,0.0897,-1.2503,1.02,-0.0984,0.2965,1.0814,1.4384,-0.4057,1.0279,0.5274,0.6748,0.1046,-0.8938,-0.1842,0.5788,0.2673,-0.5958,-0.3146,-0.7574,0.7473,-1.0056,0.9306,-0.3866,-1.5615,-1.1023,-0.8764,-0.991,-1.4797,1.3257,0.4846,-0.5749,-0.2338,1.7421,-0.206,-0.4777,-0.0887,-0.0597,-0.174,-1.1077,0.2266,0.1541,-0.3358,2.1664,-0.3559,0.2238,-0.0272,0.2518,0.0537,-0.4452,-0.5561,-1.1543,-0.2586,0.5747,0.4892,0.5757,0.7364,0.0547,-1.2257,-0.0006,0.0269,0.3979999999999999,-0.2251,1.5228,-0.5266,0.8823,0.9865,-0.6607,0.3734,-0.2827,-1.095,-2.1075,-0.3294,-0.7776,-0.1733,0.5086,-0.5288,-0.2274,-0.0558,0.3138,0.0229,-0.3438,-0.2294,-0.7814
0.4369,0.1087,-0.9968,-1.5163,-0.8170000000000001,0.9005,-2.0407,0.1784,1.4839,0.215,0.1471,-0.1518,0.2628,0.9251,0.2889,0.7645,2.4916,-0.0318,1.3639,1.1991,0.623,0.2287,-0.3492,-0.4029999999999999,1.3648,1.1938,0.0824,-0.8046,-0.5146,-0.6118,-0.409,0.0645,-0.0467,-0.6524,-0.4357,-0.2396,0.2437,0.1346,0.3734,0.7782,0.3275,-1.1772,1.2098,0.6174,-0.4255,0.7029,-1.3153,0.7191,-0.5205,-0.195,-1.8637,-0.8876,-0.8888,-1.7962,0.1316,0.4118,1.0253,-0.625,0.8696,-0.0759,0.482,-0.5338,0.985,0.3014,-0.2954,-0.9524,-0.2258,0.6878,0.3215,0.5853,-1.2032,0.0496,0.5408,-0.6557,-1.3264,2.0004,1.459,0.9805,-0.0877,0.8037,-0.5768,-0.8971,-0.6751,1.4517,-0.8806,-0.2277,0.2181,-1.8278,0.2767,-0.2559,-0.2674,-0.51,-0.3197,-0.2582,0.0948,1.0307,-0.6677,-0.8904,0.6224,-1.3218,-0.813,1.1649,-0.7629,2.9333,1.0429,-0.7935,0.3947,0.1001,0.4396,0.9056,1.5025,1.1555,0.3431,-1.2802,1.2688,-0.9539,-0.3905,1.0756,0.2308,0.3186,0.1179,0.1376,-1.3296,0.5241,0.6077,-0.2255,-0.8049,1.5513,1.064,0.4558,0.6971,0.7382,-0.4914,-0.7128,0.4032,0.9146,0.7468,1.4222,2.4554,0.1726,1.9659,-0.1471,1.4717,-0.738,-0.0113,1.9965,1.8487,-0.3779,-0.4184,0.1007,-0.2219,0.5498,-0.429,2.5285,-0.3575,-1.5333,1.881,0.5445,-0.5424,0.4963,0.0886,-0.2322,-0.5105,0.1413,0.8007,-1.0046,0.2773,-0.6965,-1.6721,-0.2718,1.9711,-0.6049,-0.612,0.4708,-1.3878,2.0457,-0.1166,-1.0359,-0.1141,1.3056,0.3675,0.2055,1.2688,0.2598,0.8193,-1.618,0.9683,-0.8616,-0.1184,0.8009999999999999,-2.8729,0.125,1.7631,1.0498,-0.2849,0.6449,-0.1449,-0.8124,2.7006,-1.1432,1.8042,0.6095,-0.3554,0.6459,-0.4687,1.1412,-1.4881,3.4245,-0.5457,-0.6953,-0.0644,0.5889,0.9412,-1.0490000000000002,-1.2595,-0.1099,0.9561,-0.3239,0.3408,-1.0922,0.493,0.5204,0.1368,0.176,0.7298,0.1084,1.4324,-1.096,0.2426,0.6436,-0.3027,-0.0083,-1.081,1.3406,0.1552,0.0335,0.8419,0.0848,-0.8255,-0.1161,0.5945,0.3304,-1.2729,-1.046,0.2374,0.7933,-0.5626,-0.3662,1.375,-0.7462,0.349,0.2247,1.5421,0.6602,1.2746,-1.1624,0.0506,0.0385,0.4297,-1.4659,0.6344,-0.3495,-0.2446,-0.4106,-0.8803,-0.1714,0.2422,0.1812,0.5164,-0.5102,1.5269,-0.0057,0.3075,-0.9933,-1.0244,-0.9735,0.3042,0.9357,-0.7479,0.3477,-0.8075,-0.7697,0.3813,-0.2094,-1.3916,-0.296,-0.6184,0.6572,-1.157,-0.5389,-0.3942,-0.5246,0.4744,-0.649,1.5525,-0.753,-0.314,-0.9399,-0.3876,-0.1646,-0.0302,-1.1845,0.0581,0.9227,-0.2507,-1.1443,-0.1953,0.0471,-0.8092,-1.2313,0.8037,-0.262,0.1435,1.0151,-0.0857,-1.6887,0.5865,-0.1079,1.3829,0.8726,1.3674,-2.1308,0.8001,-1.5912,-1.175,0.8546,0.3652,-0.3892,-0.6890000000000001,0.0482,-1.2911,-1.558,-0.4597,-0.6609999999999999,-2.7026,-0.127,-0.6823,-0.1721,-0.6766,0.5091,0.5127,-1.0784,1.1205,-0.5206,-0.1413,-0.6597,-0.8337,0.2604,-0.5303,-0.5586,-2.0417,1.0387,-1.0325,0.0625,0.9387,0.5034,-0.1206,-0.471,-0.2965,-0.2698,0.3069,-0.4279,0.4761,0.358,-0.1101,1.1507,0.7723,-0.3054,-0.8805,-0.4579,-0.5787,0.2563,0.1656,2.0355,1.1766,-0.0134,-0.5848,0.1791,1.0733,-0.5323,0.6441,0.6123,-0.3619,-0.5949,2.0093,-1.8612,-1.6257,-0.7583,-0.3432,0.7509999999999999,0.0762,0.9036,-1.2217,0.4171,-0.351,1.2225,0.4529,-1.2429,1.6699,-1.1967,-0.9736,-0.3798,1.6317,-0.6645,1.7851,-0.3256,-0.1987,0.0799,1.386,0.0237,-1.2217,-0.2014,-0.5518,-0.9386,0.0554,-0.3034,0.0428,0.3634,-0.1717,-0.5589999999999999,0.2685,0.5435,-0.3099,-0.7693,0.2735,0.5056,-0.2308,0.6014,0.9248,0.1697,0.3574,0.8739,0.6885,0.5789,0.3416,1.0617,1.012,0.0587,1.3448,-1.2823,1.44,-0.6154,1.5208,-0.5718,-1.1999,1.6125,1.3201,-0.0918,1.1917,-0.5727,-0.2223,0.5225,1.7233,-0.3864,-1.4997,1.4618,-1.0897,-1.0343,-0.1007,0.461,-0.7995,0.6896,-0.0393,-1.4903,-1.3906,1.4798,0.2431,-0.09,-0.3332,0.0134,0.079,0.3595,-0.4269,-0.9492,-0.1754,-0.7335,0.596,0.3054,-0.0579999999999999,0.805,1.8077,6.329,0.5747,-1.2762,-2.5563,0.3656,-0.1781,0.2289,1.8381
0.6603,-1.3484,0.4384,0.977,0.291,0.4472,0.136,0.5528,-0.204,-0.2637,-0.8979,0.3043,1.0731,-1.6408,-0.192,-0.4215,-1.2186,0.5065,1.0327,-0.3618,0.1191,0.2336,1.4332,0.207,-0.5391,0.1909,0.2861,0.939,-0.3036,-0.7209,0.7554,0.7902,1.2972,-0.2087,-0.6604,0.1145,1.1744,-1.5326,1.0097,0.9651,0.4387,0.1964,0.1009,0.3585,1.0352,0.1493,-0.1959,0.1985,0.8541,1.2377,0.4604,0.9288,0.0104,0.5172,1.2096,-0.6283,-0.3353,0.2143,-1.9037,-0.2381,0.0062,-0.121,-1.1277,-0.5109,-0.6366,-0.763,-0.7491,0.7959999999999999,-0.8485,-0.6272,0.5946,0.0355,-0.5309,1.7325,-0.2539,-1.8032,-1.9456,-1.1969,-0.1672,0.1616,-0.0304,-0.1907,0.7829,-0.7542,-0.3124,1.1823,0.1141,0.2739,0.2034,0.7395,-0.2063,-0.7556,-0.1864,-0.5543,-0.3504,-0.0928,0.8914,-0.8634,2.1551,-0.0168,-0.235,-0.7897,-0.3143,-0.5987,-1.3705,0.7203,-0.5653,-0.4795,-1.1169,0.3778,-0.4531,-1.1321,-0.1181,1.9031,-1.3718,-0.7032,-0.0934,0.4763,-0.0748,0.9335,0.369,-0.4824,0.8593,0.2399,-1.3985,-1.8852,0.1981,-0.8973,-0.8262,-0.4433,1.3415,-0.0164,-0.3258,1.0219,-0.1626,-0.2155,1.0216,0.9819,-1.1684,-0.7137,0.7874,-0.2588,0.148,-0.1313,1.2937,-1.0225,1.1236,0.2926,-0.13,-1.0011,-0.6378,0.7725,-0.5193,-0.8372,-1.0516,1.4054,-0.0655,0.5508,-0.0494,-0.5838,0.0344,0.4718,-0.6873,1.1675,0.3426,0.9992,-1.002,-0.0671,0.8526,0.0474,0.0061,-0.6745,-1.0368,-1.1327,-0.8149,-0.3185,-2.0103,-0.0591,-0.1212,-0.0513,-0.0195,0.5307,-0.3922,-0.6919,0.4588,0.3181,-0.6031,-0.4836,-0.5395,-1.43,0.2134,0.2243,0.3565,2.0072,0.3364,-0.0342,-0.4011,0.1263,-0.7915,-1.5103,-0.8903,0.484,-0.3842,-1.409,-0.8609,1.2711,0.21,-0.4569,0.0647,-0.4531,-1.3673,-0.2086,1.4812,-0.3261,0.3701,-0.0383,-1.3577,1.8285,1.0078,0.2862,-0.5172,0.1085,-0.4983,0.402,0.2552,-0.1206,0.7483,-0.2468,-2.1383,-0.0542,-0.1009999999999999,-0.7518,0.1026,0.2735,-0.4408,-0.3387,-0.2686,0.0648,-0.2458,-0.6295,-0.0844,0.6694,-0.3768,-0.5384,0.3649,-0.3042,-1.7314,0.2519,0.1389,-0.1357,-1.4444,-1.8895,0.136,-0.3407,0.4394,-0.8681,0.5603,-0.3288,-0.9701,0.7214,0.8389,0.5237,-0.1504,0.0617,0.5422,-0.1231,-0.413,-0.5968,0.603,-0.7895,-1.8256,-1.5034,-0.2189,-0.2078,1.1421,-0.4377,-0.3649,0.2867,0.2518,0.6505,1.0266,0.1937,-0.462,0.1802,0.1488,1.2461,-0.3863,-0.0148,-0.9712,0.0383,1.0974,0.1303,-0.3137,0.5614,1.2257,-0.6719,0.3139,-0.5971,-0.5652,0.5468,0.0195,-0.1686,-0.7828,0.4995,-0.4862,-0.3487,-0.3127,0.0233,-0.1888,-0.745,-0.8924,-1.8113,-2.2339,-0.1551,-0.1275,-0.2175,-0.7637,-2.0024,0.0618,-1.0352,-0.1729,-0.2765,-0.0165,0.2982,0.7376,0.3059,-0.2884,0.6309,0.7825,-1.1824,0.6844,0.1601,0.4109,-0.265,0.5338,1.4213,-0.1169999999999999,-0.2001,0.0007,-0.3257,1.6533,-0.7994,-1.3336,0.2959,0.0601,-0.5113,0.3785,1.4103,-0.2624,-2.2386,-0.256,1.068,0.1213,-0.7187,-1.2679,0.8503,1.9344,1.0275,-0.4998,-0.4759,-0.7569,-0.9171,-1.1403,14.904000000000002,0.1482,-0.3351,-0.2366,-0.838,-0.8865,-0.4756,2.2325,-0.425,0.2022,-1.1835,1.4277,-1.1058,-0.2736,0.2246,0.7694,-0.2771,-0.3382,-0.4261,-0.1101,-1.2497,-1.3444,0.5670000000000001,-0.1182,0.054,-0.1364,-1.2632,-0.0774,-0.035,0.5674,0.3215,0.0406,-1.7629,-0.9515,-0.4388,0.1228,-0.6447,-0.2906,-0.3436,0.7579,0.2685,-0.0749,0.0652,0.3327,-0.0294,-0.8590000000000001,-0.8146,0.1784,-0.4589,-0.5074,0.6047,-0.5238,-0.2548,-0.6685,-0.6839,-0.4202,1.3338,0.1593,0.602,-0.6283,-1.9476,-0.4316,1.4512,-0.0137,-2.2455,-0.4507,-0.3356,-1.0362,-1.166,-0.8533,-0.5539,-0.2148,-0.3362,-0.2333,0.2842,-0.1251,0.2138,0.2607,0.4303,-2.2365,-0.8293,0.6253,0.1746,-0.1524,-0.3273,-1.2674,-0.6879,0.0522,0.7979999999999999,0.1993,-0.8036,1.3965,-0.4237,-1.0734,1.0737,0.3696,-1.2669,0.5645,-0.1575,0.0671,-1.0442,0.7366,-0.4015,0.5131,-0.6176,-0.4106,-1.702,0.0312,0.6711,-0.5887,0.0839,0.5938,-0.9514,0.9938,-0.9349,-1.0726,-0.3555,0.6883,-0.7185,1.0552,-0.1034,-0.3372,-0.2762,0.6058,-0.195,0.5817
0.27,-0.2596,-0.6811,-0.2456,-1.2684,0.8967,-0.4811,0.0752,0.0784,1.0317,2.6498,0.8571,-1.7513,-0.9076,-1.4755,-2.5889,-2.0375,-0.0104,-0.3162,-0.4313,-2.1606,-0.4225,-1.7477,-0.2842,-0.1803,-0.8505,2.0941,-0.0408,0.8201,0.8217,0.3314,-0.2938,0.6415,-0.4164,-0.7039,-1.8005,-1.2127,-2.2431,-0.4816,2.3758,0.6792,0.7975,-1.936,-0.3117,1.5435,-1.0979,1.4255,-2.6662,-0.8583,1.6254,2.5147,-2.3105,-0.746,0.7143,-2.0652,-0.6318,-2.5128,-1.9879,-1.7343,-1.2673,2.5718,-1.5238,-0.0116,-0.0812,0.1489,0.6777,-0.1112,0.405,2.6602,0.8769,1.7747,-0.6962,-0.9366,2.0974,0.6853,-2.3555,-0.4706,-0.6711,0.54,1.5001,1.7676,3.2902,1.223,1.0047,0.9211,-0.3829,2.3839,1.8862,0.5358,1.0863,0.6105,1.3728,-1.8045,1.3892,-0.243,-0.9426,-0.6164,-0.9743,-0.0901,1.3119,-1.1891,-2.9498,1.9104,2.9622,2.4048,1.1528,0.6761,0.1458,-0.944,1.1217,-0.2525,-0.3049,1.9324,1.3823,2.4742,-0.7033,-0.7852,-0.2532,-2.5387,-1.1139,0.823,-1.9348,-0.8243,0.0497,0.0845,0.039,0.7782,-0.9846,0.9362,-1.0289,-0.5459,2.2234,-1.067,-0.9142,-2.7575,-0.8332,-0.6156,-0.04,-2.6637,-0.6276,-1.4554,-0.7027,-0.0904,-0.8177,0.7657,-0.5898,0.1651,-1.2148,0.8949,-0.569,0.9998,-0.2269999999999999,0.1693,-1.9216,-0.4169,1.4504,2.7258,-0.8328,0.5686,-0.6425,-0.5403,-0.6061,0.2585,-0.512,0.3888,-0.6982,0.8245,0.9711,-0.4313,2.7013,-1.8921,-0.3564,0.6199,-0.8220000000000001,-0.7413,0.6054,-1.7806,-0.5328,-3.2826,0.0943,0.3664,-0.4633,0.2078,-0.2127,-2.5562,3.182,2.1719,-1.0364,-1.0316,0.2877,0.6582,0.5681,2.7381,1.1618,2.7039,-2.3573,-0.4521,0.4104,-1.4317,1.7671,-1.5241,-2.8291,-1.2211,0.2069,0.7471,-0.7353,0.6981,1.0151,-0.6244,-0.2479,2.0602,1.037,0.1791,-0.3568,-0.6546,1.0025,-0.5276,0.7158,0.6303,-0.1684,-0.129,-0.7009,1.1781,0.3258,0.812,1.0631,0.1641,2.7057,-0.9085,2.0174,2.5588,-1.2395,-0.1689999999999999,-1.5693,0.2803,-1.5809,1.0315,2.8278,-0.7646,-0.9751,-0.6016,-1.1253,0.4342,-1.2202,-2.5047,-0.7783,-2.7639,3.1513,0.7518,0.9326,1.3692,1.5864,1.6001,-0.6246,-0.2283,1.1348,-2.789,-0.4573,-0.627,-1.3589,1.2663,1.6455,-0.4612,-1.4209,0.07,-1.0938,-0.0088,-0.9736,-2.2878,-0.1818,0.0021,1.6079,0.0161,0.0066,-0.6129,0.2512,1.2169,-2.2334,1.3651,-0.9225,-0.6936,1.9072,-0.8123,2.5259,-0.9847,1.432,-1.0518,-0.0187,0.8528,-0.6109,0.2732,2.1765,1.7468,2.2199,-0.9062,0.4968,-0.2384,-0.4573,0.524,-0.9052,-0.3566,1.5524,-0.4769,-0.8573,-0.362,-0.7205,-0.1568,1.9544,-0.2473,1.2159,-0.4629,-0.8275,0.2845,-0.3783,-0.4901,0.6596,-0.1592,-0.4083,-0.6402,0.4314,-1.106,0.6208,-1.4815,1.7434,0.5677,0.5628,0.0821,1.7065,-0.952,-1.0582,1.5983,-1.5666,0.6609,-0.6878,-1.3878,-1.5594,-0.0024,2.0412,1.5679,-1.9385,-1.5296,0.6808,-0.0939,0.1035,-0.4697,0.4141,-0.3541,2.0629,-0.0615,-1.3779,1.828,-0.5627,0.9587,-1.0724,-2.3448,-2.0583,1.0371,0.5504,-0.1404,1.4229,1.7377,2.5875,-0.6833,0.1372,0.1149,-0.631,1.9158,2.2182,-0.1027,0.4645,3.3402,0.9391,0.5104,-1.3308,-0.0614,-1.6828,0.812,-0.5798,0.3298,-1.1782,-1.2291,0.9505,-1.2088,-1.2076,-1.7559,-0.2713,0.2101,-1.0456,-0.6894,2.4525,1.899,-1.0989,-0.636,-0.7089,-0.5825,-1.3748,-1.7731,-0.205,-2.1978,1.9701,-0.8533,1.4649,-1.4276,-1.2593,-0.6686,-0.8008,-1.7727,0.3212,2.5472,-1.9229,1.426,1.7005,2.8025,2.1854,-1.1379,-1.3443,-0.7726,-0.125,-2.0796,-0.5826,0.685,2.2032,0.6094,-1.381,-1.277,-0.6773,-0.3433,-2.3442,-1.4917,1.8152,-0.447,-0.4765,-1.2626,-1.9632,0.4891,0.0631,-2.012,-0.8502,-1.8427,0.4483,0.8987,0.7277,0.5063,0.4537,0.4011,-0.3462,-0.5594,-0.3392,1.1081,-0.4099,-0.4279,-1.9945,-1.2515,0.2805,0.2048,1.1951,0.8703,-0.4157,-2.2619,-0.6671,-1.2258,-0.1798,0.3928,2.2414,0.285,-0.7838,-1.2707,-1.7653,3.6881,-1.3478,-0.336,-0.8904,1.2662,-0.3446,-1.2263,-0.6544,-1.3931,-0.519,-0.5489,0.086,-0.7936,-1.5519,-1.938,-0.0671,1.6464,-1.4311,-0.6393,-0.3374,-0.2878
0.4203,-0.4096,-1.7118,1.3894,-0.0563,-1.8001,-1.2895,-1.144,0.4947,-0.7127,-1.0521,0.6759,-1.6286,-0.5434,-0.6885,-0.6981,-1.3869,-0.1212,-0.9509,-0.3605,-0.1736,-1.1825,0.2336,-0.032,-0.4718,-1.3391,-0.8128,0.0767,-1.6797,1.0055,-1.3222,-0.6242,-0.0004,-0.9121,-1.68,-0.1619,-1.402,-2.0812,-1.1586,-0.1117,-0.8407,1.2026,-1.1579,0.5863,-0.3571,-0.564,0.569,-0.7746,-2.3092,-0.113,2.4667,-0.2597,-0.3141,0.4877,-0.5983,0.2741,-2.0544,-3.2699,-1.4986,-1.1501,-1.2078,-0.2978,0.942,-1.4358,-1.4444,1.7115,-0.9738,-0.7746,0.3237,-0.6231,1.4339,0.1714,0.1784,3.8172,-0.3353,-0.1386,-1.4839,0.2149,0.6469,-1.3727,1.2255,2.36,0.6317,-0.4404,-0.1483,-1.2512,-0.5660000000000001,1.6032,-1.4229,0.6079,-2.0001,0.7723,-0.4362,0.1031,-1.1762,-0.9726,-1.1376,-1.6739,0.7946,0.0601,-1.9407,-2.7158,0.5409,-0.4792,1.6209,0.278,0.3706,-0.4156,-0.9534,-0.951,0.9018,1.5864,3.8601,2.3217,-0.5914,-1.7849,-2.0963,-0.4293,5.7608,0.1328,-0.2381,-0.4379999999999999,0.544,0.2783,1.3632,1.5113,0.4582,-0.9874,0.1738,-0.4386,-0.7472,-1.1048,-1.3686,0.1646,-0.5285,-0.0207,0.4488,-1.9818,-1.7745,1.4155,-1.7529,-1.6652,-0.3324,0.2114,-0.8167,0.3233,-1.105,-0.5427,1.6088,-0.9072,-0.2531,-1.1303,-0.3399,-0.8894,-0.9226,2.2316,-0.0379,-0.8672,1.1867,-1.214,-0.2415,-0.1246,-0.5051,-0.8714,-0.7525,0.2034,0.6592,0.492,0.5465,2.5819,-1.9331,-1.2411,1.3857,-0.2885,0.2178,-0.107,-1.4104,1.7157,-1.2696,0.0489,0.0044,-0.2972,0.1045,-0.8208,-1.0416,2.2264,1.4677,0.1568,-0.4577,1.0307,1.1887,0.1969,-1.5751,-2.2412,-0.8208,-1.7403,0.6566,2.1418,-2.1078,1.6302,-2.0292,-0.0115,-0.1413,0.6206,-0.4381,-0.0579999999999999,1.1196,-0.4751,-0.0059,-0.2158,0.7851,-0.9874,0.7866,0.0563,0.9824,-0.8407,0.6059,-1.6266,-0.888,-0.8561,2.2556,-0.937,1.2902,0.7776,1.2949,1.0437,0.0506,0.9243,-0.1942,0.3914,1.2319,-1.0591,0.6511,-1.6101,0.331,-1.0787,0.1139,-0.5937,-1.1589,0.0961,-1.4475,-1.0231,0.8722,-1.0952,-1.0469,0.1496,0.5442,1.7403,0.6137,0.2224,1.6479,-0.918,-0.9031,-2.0988,-0.7955,0.7816,-1.3489,0.5161,-0.2476,-0.0193,0.7042,4.0403,0.3782,-1.4537,0.6005,0.4803,0.8263,-0.6419,0.4511,0.266,1.1725,1.0514,0.3986,1.3688,0.626,2.7799,2.0108,0.1662,-0.6637,-1.7991,-0.0076,1.1255,-2.0363,1.6324,-1.5613,0.0362,-1.1776,0.9096,1.1437,0.201,0.534,2.3549,-0.022,0.406,-1.5037,-1.4795,-0.8754,0.8569,-0.9379,-0.9938,-0.4565,4.8569,1.0736,-1.6186,0.322,2.2986,-0.5167,0.0115,-0.5512,1.2227,3.587,-0.2769,-0.1636,-2.6524,0.4769,0.7773,-1.2989,0.3383,0.0602,-1.6544,-0.6617,0.9176,0.1116,0.9516,-1.5106,-1.9349,0.9343,1.2878,0.0432,4.2042,5.3658,-0.1987,1.0001,0.4969,-0.4794,-0.1943,-0.6936,0.1866,0.3546,0.2842,0.3959,1.1399,-0.0918,-0.7718,-1.1912,0.2692,0.2817,0.6421,-0.4287,2.2155,1.5174,-1.8739,0.0119,-1.4191,-0.856,0.3487,1.0407,0.1125,-1.3449,0.562,0.1179,0.0953,-0.9251,-0.9433,-0.1642,-0.243,0.1823,0.6246,-0.5044,-0.2649,4.7529,-0.3097,1.0204,-1.0337,-1.5821,0.2032,1.3705,0.0136,-1.1776,-0.1558,0.0946,-1.5443,1.142,2.0029,-0.8942,0.8095,0.3132,-0.1584,0.1449,2.503,3.1022,-1.5355,3.1336,-0.3504,1.2844,0.2629,0.6232,-0.4846,-1.1195,1.5597,0.5026,0.3712,-2.2018,-1.1933,-0.1779,-0.6281,-0.0042,-1.031,-0.0011,-1.7009,0.5493,1.2302,-1.0092,-0.4652,1.1526,2.1314,0.8267,0.5446,-1.8904,1.3568,0.5305,-0.2969,-0.2554,-0.1402,0.8799,-2.4435,-1.4931,0.0431,-0.3041,3.6731,-0.1494,-0.2119,-0.3924,0.6579,0.008,-0.2852,-0.775,-0.2205,-0.3012,0.2792,-0.9641,0.1466,-1.7723,3.4582,-0.4206,0.0466,0.1943,0.2977,-1.5365,0.2997,-1.5668,-0.5670000000000001,-1.1775,0.3865,0.7226,-0.5318,0.9646,0.2726,-0.4886,-0.6249,0.8754,-0.6327,-0.604,-0.1221,3.0982,-0.5441,-1.044,-0.4429,-0.2079,-2.5401,-1.2541,-0.8249,-1.0546,-0.7161,-0.9953,0.0434,-0.0307,-1.6042,-0.8233,-0.861,-0.6621,1.5102,-1.4418,2.4231,3.9388,0.5302,-0.1891,-1.4301,-0.4663
-1.9523,0.313,0.352,0.6107,1.2748,0.7918,0.5124,-0.9551,2.2102,-0.2172,0.1998,-0.2758,0.9679,-0.3761,-0.0223,-1.791,0.1326,0.5171,-1.1309,0.6635,0.0256,0.2909,-0.7334,-0.0054,0.8581,0.2228,-0.0832,1.4018,0.9484,0.8016,1.1021,-0.4348,-0.355,-0.2882,-0.6709,0.4463,0.0736,-0.7828,1.6504,-0.0379,1.2874,0.006,-0.1568,0.6913,0.4304,0.9757,1.155,-1.0259,-0.4096,0.081,0.6236,0.1279,-0.0955,0.8864,0.4028,-0.4563,-0.6631,-0.0912,-0.6046,-0.2246,1.1051,-0.9344,2.8799,0.2446,-1.1346,-0.3974,-0.2142,1.5527,1.1676,-0.5538,1.2635,-0.8649,0.5916,1.6365,-0.6472,-0.0052,0.3029,-0.5326,0.1496,-0.3238,-0.0957,-0.3932,-0.9935,0.0216,0.474,-0.4164,-0.8957,1.1969,-0.3136,-0.3867,-1.0278,0.377,-0.3719,0.2606,1.3037,-0.3142,-0.1361,0.057,-0.7884,1.9339,1.3555,0.9714,-0.8678,-0.5818,0.0602,0.1104,-0.4632,-0.2058,-0.3131,0.8479,0.1525,-0.3852,0.4425,-0.5138,0.9966,0.6198,-0.1205,1.0266,0.6705,0.4075,1.3779,-1.4284,0.4906,0.1656,0.5621,-0.7609,0.471,-0.2775,-0.9734,-0.04,0.1122,-0.7266,-0.1177,1.4775,0.8416,-1.3567,0.4873,0.6324,-0.4611,-0.1834,-0.1764,0.424,-0.3581,-0.9934,-0.6035,-0.0435,0.7293,-0.2152,0.1388,-0.2148,-0.3594,-2.0209,-0.1251,-0.5009,-0.6562,0.7062,0.5165,0.7535,-0.2155,-1.0058,-0.733,-0.0931,0.0928,-0.9192,-0.3144,-0.1671,-0.9283,0.522,0.1047,-0.5911,-0.5737,-0.1936,1.6754,-0.4581,0.9439,-0.2452,1.5083,0.5266,-0.0982,-0.9516,-0.5515,0.6753,0.125,1.1105,-0.0268,0.5354,0.5145,0.2225,0.0891,-0.3666,0.5239,-1.3398,-0.9385,-0.332,-0.6147,-0.1468,0.8663,0.7196,-1.2638,0.6211,-0.4164,0.1895,0.3725,-0.4584,-0.3729,-0.3448,0.3478,-0.2259,1.0666,-0.4216,0.0449,0.0165,0.3686,-0.669,-0.0147,0.4302,-1.0283,-0.2797,-0.0592,0.1291,-0.9252,-0.4356,0.7971,0.3945,0.4549,-0.7421,0.085,0.7035,0.152,1.2271,1.2677,-0.615,0.4816,0.6028,-0.1912,-0.1369,0.0656,1.0435,-0.4429,1.3321,-0.155,0.5772,1.2274,-0.8517,-0.236,0.4142,-1.1428,-0.7805,0.3619,1.9761,0.0166,2.7526,1.0335,-1.4239,1.0238,-0.1823,-2.1831,0.5088,-1.9205,-0.4094,1.8189,0.5872,-0.4157,-1.2903,-0.7674,-0.5907,-0.084,-0.0006,-0.3579,-0.4103,1.0534,-0.6164,-0.2428,-1.892,0.2519,-0.4919,-1.6003,-0.2292,-0.4394,0.3014,0.4453,0.0124,-0.8981,0.5703,-0.3107,0.3588,-0.8823,0.2914,-0.0476,0.5856,0.7634,-0.3364,-0.6988,1.0781,0.0933,0.1785,-0.5218,-0.2936,0.3571,-0.0903,-0.0714,0.4693,-0.0278,1.0838,-0.077,-0.495,-0.3339999999999999,1.2326,0.0568,0.2982,-0.1659,-1.2166,0.2624,-1.0707,0.9671,-1.062,-0.025,-0.7224,1.0164,-0.5526,-0.3748,0.9148,0.65,0.8648,0.877,1.2523,-0.9419,0.445,0.5581,0.6078,0.9673,-0.2322,-0.2064,0.4919,-0.0553,1.3098,1.6811,0.0749,-0.1435,-1.17,0.5576,0.1415,1.5283,0.6546,2.3967,-0.2969,-0.6533,-1.1106,-0.261,-0.6342,-0.2445,0.2287,0.878,-0.2835,-0.2389,-0.9721,-1.057,0.0792,-0.6003,0.0068,0.1766,-1.1963,0.4901,0.2929,-0.0283,0.2408,0.7122,-0.7922,-0.0451,-0.1549,-1.1243,0.0803,0.0038,-0.6003,-0.1821,0.1149,-0.1808,-0.2634,-0.7361,-0.2225,-0.561,-0.9041,-0.2456,0.2712,0.417,0.0048,0.1277,0.1935,0.2157,-0.4013,0.8955,1.0121,-1.1722,0.2153,-0.033,-0.0262,0.8271,-1.2393,0.8331,0.9552,0.9134,-0.109,-1.4163,-0.7505,-0.2633,-0.9892,0.1072,-0.606,0.5337,0.3387,1.0324,2.6088,-0.7482,-0.3272,-0.6493,-0.5724,0.0377,-0.2047,-0.574,-0.0523,-0.4385,0.8406,0.1031,0.3763,0.3772,0.5745,-0.9739,-0.9268,0.4515,-0.8233,0.2599,0.1654,-0.1198,1.1338,0.6713,0.0906,0.4419,-0.6851,-1.5656,-1.1601,-0.034,1.2435,1.2264,0.7042,1.2574,-0.2683,0.826,-0.1073,-0.7775,1.9002,-0.2742,-0.3829999999999999,0.9085,-0.3916,0.1699,-0.0144,-0.0849,-0.108,-0.3488,0.1305,0.5818,0.0718,1.168,-0.7201,0.2527,0.4541,-0.5741,1.6142,0.8423,0.614,-0.6114,1.2369,0.379,0.8815,-0.4296,0.1623,-0.2817,-0.9447,-0.3755,-0.8954,0.1495,0.0025,-1.8789,-0.7171,0.7032,0.424,-0.6154,-0.3711,-0.5796
0.1977,-0.9733,-0.0773,-0.3927,0.3467,0.6055,-2.5022,0.4973,0.2761,1.4017,0.4405,0.9126,0.3757,0.6745,0.208,-0.2456,-0.1201,-0.5231,0.4121,-1.9577,-0.0241,0.3768,2.2652,-0.4497,0.5227,0.6074,-0.1185,-0.0799,0.2106,-1.175,-1.2123,0.3828,2.8009,-0.8573,-1.5143,-1.0122,-1.6375,0.5714,-1.4307,0.7136,0.8234,1.0272,-0.0086,0.5548,0.5681,0.0289999999999999,-0.0969999999999999,0.9105,2.016,2.2206,1.3334,-0.0783,1.6383,2.0993,-0.1677,0.4985,-0.1422,0.0523,-0.7040000000000001,0.1695,-0.4912,0.6104,0.7805,-0.5533,0.7907,-0.0635,-0.1262,-2.4826,1.3704,0.6429,-0.4033,-0.9627,1.5581,1.3292,1.1112,0.3863,-1.0254,-1.0063,-1.7311,-0.7328,-1.5722,-0.7877,1.5177,0.6151,1.1212,2.0334,0.8740000000000001,0.1519,0.2241,1.3109,0.1066,-0.5295,-1.1582,0.4342,-0.0092,-1.0831,-0.6505,-1.4113,1.9142,-0.3554,-1.5248,0.6003,0.8542,-0.3179,-1.8809,-0.0226,-1.3761,-0.6716,-0.9873,-0.0699,-1.1697,-0.118,-0.2403,-0.2815,0.5443,-0.7024,-0.0264,1.8292,-0.3847,1.5422,0.3557,-1.0542,-0.0827,-0.1265,0.8059,-0.2747,0.2525,0.0981,0.7082,-0.3684,-0.106,-0.5507,-1.5355,-0.1286,-0.9644,0.2793,-1.5612,1.8322,-0.7195,1.3528,1.4621,0.4769,-0.1448,-0.1457,1.672,-1.0766,-0.2975,-0.7490000000000001,0.3273,-0.7554,0.0752,0.1417,-0.6462,-0.3822,-1.1426,-0.0491,-0.4392,0.0177,0.455,1.5974,-1.8277,-0.9431,-0.7914,0.9209,-0.6168,2.0863,0.121,1.1777,0.423,-0.8591,0.1578,1.5801,-0.5495,-0.1427,-0.0842,-0.2507,2.2072,-0.115,-0.9823,-1.4061,-0.3405,-0.5002,-0.9963,0.732,0.6863,0.7555,0.3111,0.0887,-0.2373,1.3423,0.8882,0.3879,2.1352,2.8611,-0.6004,-0.4468,-1.0479,-0.7240000000000001,-0.934,-0.4122,-0.4999,-0.4929,1.1479,-1.9169,-0.6096,-0.867,-2.1317,-0.5041,-0.6276,-0.9103,-0.591,0.0667,-1.5948,-0.6119,-0.9012,0.2754,0.1043,-0.362,1.0898,-0.0612,0.2102,-1.081,-0.9794,-1.6198,1.756,0.3395,2.4011,1.8299,-1.0445,-0.9281,0.5415,-0.0728,-1.3622,0.297,-0.9163,1.578,0.5551,-1.994,0.1132,0.1185,-0.076,0.8609,-0.2558,0.8190000000000001,-1.1413,-0.3041,0.9422,1.3741,-1.068,-0.3635,0.1996,-0.0989,-0.3401,-1.3317,0.0758,1.3103,-0.9058,-0.3161,-1.55,-0.1041,2.0255,-0.7477,0.3166,2.3803,-0.741,-0.6072,-0.5409,1.0766,1.4107,-0.6288,1.4485,0.2002,-0.3339999999999999,-0.8813,-1.1121,-0.7132,0.2987,1.3509,1.2464,1.3146,-0.1016,0.899,-0.562,1.0553,0.4033,3.8778,-0.7231,0.4594,-0.1445,-0.2744,3.9061,0.1236,1.255,0.5441,0.2639,0.9958,-0.0391,-0.3454,-0.5951,-0.5766,-0.7084,-0.7215,0.2668,-1.1753,-0.4461,0.2418,-0.0892,-0.649,-1.2585,-0.9015,0.0665,0.6514,-0.7209,-0.1439,0.607,-2.0604,0.3775,-1.0516,-0.4166,1.1866,1.6063,0.6536,3.2066,-0.2902,-0.0401,0.4832,-0.1199,2.1013,1.4499,-0.9358,-1.261,-1.5925,-0.0524,-0.2495,1.3026,-0.6389,0.0381,-0.4647,-0.536,-0.9324,-0.3824,-1.6601,0.6499,0.8829,0.4246,-0.1277,-0.3104,-0.7111,0.5085,-0.3595,0.2955,-0.2409,-0.1735,-0.0269,1.0625,1.0887,6.1262,-0.3865,-0.6178,-1.079,-0.2623,1.4552,-0.5802,-0.9883,-0.3657,-0.003,-0.5704,0.4198,0.3967,-0.3518,-0.3161,0.0197,1.7024,0.1383,-0.0154,-0.7472,-0.2925,1.2293,-0.0342,-1.2257,0.0935,0.2854,-1.2498,1.3343,-0.0866,-0.3068,0.1319,0.6861,1.3679,-0.2951,-0.3701,0.6067,-1.0026,5.2087,-0.8997,1.0582,0.7703,-0.1805,0.5656,0.5196,1.3243,1.1569,-0.2375,-1.0921,0.3479,-1.1936,-0.5067,-1.4197,0.417,-0.2642,1.1499,2.2044,0.5331,0.1891,0.3935,-0.5427,1.3218,0.6349,-0.3566,0.1723,0.396,-0.1079,-0.6451,1.0521,0.2187,0.5958,0.7149,0.5971,-1.3524,-0.6378,-0.802,-1.3333,-1.0006,-0.2167,0.9808,-0.5329,-0.1152,-0.5405,-1.2338,-0.0428,-0.4199,1.2372,-0.3102,-0.3588,0.4852,-0.1247,0.5821,-0.2894,-0.7374,-0.4585,-0.603,0.8173,-0.6031,-0.8681,-0.6442,-0.7666,0.1276,-0.2776,-1.2217,-0.2883,-1.3431,-1.1592,-0.1714,-0.4257,-1.4391,-0.4365,0.3495,-0.6903,-0.4855,0.2192,-1.1931,-0.8593,-0.3302,-0.038,-0.8611,-0.6522,-1.0631,-0.6497,2.3472,-0.0488,0.3062,-0.2353,-0.7583,0.1129,1.254,0.6001,0.0364,0.4685,-0.5037
-1.5371,-0.2021,-0.1617,-0.0149,2.7184,-0.4318,0.0497,-0.2304,0.5411,0.1981,-0.5815,-0.2694,-1.7196,0.2327,0.2513,-0.4817,-1.5648,-0.7597,-1.4206,-1.662,0.3791,-0.2971,0.3786,2.6242,-0.9956,0.1106,0.2963,0.0095,-0.4397,-0.642,-1.9645,1.9554,0.8352,-0.5637,-1.503,1.2897,0.2059,-0.7903,0.2421,-0.1774,0.7877,0.3872,0.4128,-0.1678,0.1387,-1.0125,1.3358,-0.2459,0.4565,0.0033,0.9957,0.4797,-0.55,1.1337,-0.8862,-0.4159,0.475,1.8224,-1.483,-0.4554,-1.1257,-2.0456,-1.7475,-0.9454,-0.8275,1.8404,0.3409,0.8662,-0.0723,-0.0892,1.092,-2.1418,1.6111,0.2781,0.5969,0.2599,0.5773,-1.2737,0.1498,0.0376,0.6662,2.9965,-0.2212,-1.1722,0.8978,2.1883,0.5351,0.7429,0.198,1.3741,0.3267,0.8327,-1.0264,0.4358,-0.8134,-1.6804,-0.0262,-2.649,-0.3264,-0.531,-0.0924,-0.8277,0.7356,-0.2312,0.8109999999999999,1.6373,1.19,3.3076,0.1186,-0.3096,1.6646,0.2814,1.1206,-0.2923,0.2319999999999999,-0.0624,-0.4936,-0.7126,-1.0855,-1.107,0.2355,-1.0874,-0.2523,-0.6064,0.6641,0.5418,3.1847,0.4475,-0.3861,-1.0674,0.1986,0.5391,0.6247,-0.8575,1.0723,0.4951,-0.6216,-0.2727,-1.2051,-0.4647,-0.7372,0.1392,-0.7025,-0.6485,-0.6153,0.9059,-0.7384,0.2454,0.622,0.2568,0.2034,-1.3516,1.7621,-0.8613,-0.7839,0.0147,-0.5747,-0.8914,0.3225,0.2293,3.1098,0.209,2.4553,-1.0773,0.977,0.9892,1.5326,-1.3667,-0.0076,0.9021,0.5113,-0.521,-0.6642,-0.5616,0.1703,0.412,-1.0559,0.0331,0.0712,-2.4827,1.7847,-0.2581,2.5285,-1.7997,-1.5559,1.0125,1.3185,0.6165,-0.2355,0.2585,0.1019,0.9223,-0.4909,1.0614,0.0425,-0.9556,-1.0663,-0.2756,-0.1779,1.477,-0.1375,-0.3747,0.6403,-1.0241,-0.534,-0.3114,-1.2099,0.4467,-0.5526,-1.3855,0.244,-0.1672,0.2214,-1.0412,-0.5496,-0.244,0.0181,-0.3714,-0.6033,0.777,-0.3387,-0.6302,0.0683,1.564,-0.2375,1.364,0.1641,0.5870000000000001,-0.7251,2.84,0.0939,-0.7048,0.249,-0.435,0.4338,-0.7748,0.4088,-0.5223,1.3187,0.9369,-0.2329,0.0763,0.9086,-1.4768,0.1734,-0.7476,0.2023,0.3021,-0.1583,-0.4752,-0.6919,-0.5436,1.1098,0.098,0.1237,0.3703,-0.867,-0.3203,-0.8819,0.6032,1.3065,2.1814,-0.4429999999999999,0.4823,0.2273,2.185,-0.3001,-1.2573,0.1016,1.3975,-0.8554,0.9813,1.5092,-0.5841,-0.128,-0.7158,0.2839,0.0334,-1.1238,1.0095,-0.6973,0.2386,-1.6589,3.4509,1.4549,-0.1856,-0.687,-0.0963,0.9516,0.1208,1.2664,-0.1277,-0.601,1.192,0.0662,-1.1287,-0.5702,1.7078,0.5178,-0.9771,2.1015,-0.0899,-0.2791,-0.0789,0.6782,0.325,-0.1248,-1.0322,0.0973,-0.2752,-0.242,-1.6412,0.5897,-0.9142,-0.1055,0.6659,-2.4177,1.5571,0.8782,-0.9422,0.7796,0.9601,0.1642,0.1369,-0.3593,0.7044,-0.614,0.8671,-0.5993,0.2405,1.1584,-0.5839,1.1209,-0.4171,0.555,0.7261,1.1625,2.0369,0.3448,-1.1906,-0.7095,1.875,-0.5641,0.4122,-0.3239,-2.1946,3.4444,-0.1416,-0.4266,2.7827,0.7865,0.1169999999999999,0.1973,0.1571,-1.1476,1.1639,-0.8013,1.1527,-0.6077,2.9031,0.061,1.0234,0.589,-0.4792,-0.5918,-0.8952,-0.4916,0.2102,0.4776,0.2944,0.0741,0.2584,0.3665,0.4911,0.2551,-0.6168,1.0103,-0.2213,0.092,-0.0566,-0.2109,1.0346,1.9816,-0.9806,-1.2052,0.9871,-0.9252,0.5515,-0.5215,0.4585,0.3776,-0.1377,-0.9233,-0.3404,1.1027,-0.3818,0.1915,-0.6681,-1.4286,0.9118,0.9842,1.4131,-1.5286,-0.0414,1.1851,0.5576,1.537,0.0125,0.2514,0.1365,0.1926,-0.2502,0.4684,1.8328,-0.7751,-0.6602,0.5229,0.1165,0.4285,0.2438,1.2787,-1.6844,2.9776,-0.6121,-0.0679,-0.1059,-0.209,0.0042,-0.4924,0.1308,-0.2327,0.2378,-0.387,0.5148,-0.8232,-0.2254,-0.1618,-0.9577,-1.6969,-0.5472,-0.1268,-0.9255,-1.217,-1.1065,1.4419,0.0457,-1.3918,0.0741,-1.587,0.2277,-0.6648,-0.3998,1.1928,0.0422,0.1034,1.2058,0.6783,-1.2223,-1.07,-0.1178,-0.0474,-1.4225,0.5223,-0.1487,0.8190000000000001,1.064,1.3275,-0.2428,-1.148,-0.688,0.8391,-1.4532,-0.1761,0.5087,-0.481,-0.1117,0.4533,1.2242,2.165,0.2766,-0.1613,-0.9905,-0.54,0.1852,1.1305,-0.1958,0.8826,-0.3023,-0.6849
-1.1904,-1.1031,0.7414,-0.1189,0.0151,0.362,1.4446,-0.7409,-1.0393,0.3611,0.7773,-1.406,1.8354,0.0836,-0.2451,-1.5281,-0.8681,-1.274,-0.4511,-0.348,-1.0906,-0.2617,1.1578,-0.0139,-0.4521,-0.9288,-0.5035,-0.2185,-0.5869,-0.1544,-0.4315,-0.4083,0.0178,0.2189,0.4518,-0.1426,-1.5461,0.2503,1.825,-1.0815,-0.096,1.0114,-0.5139,0.8859,-0.5485,0.3769,-0.9504,-0.7353,-0.2671,-1.1759,-0.6474,0.42,-0.449,-0.3349,0.1133,0.5128,0.1359,-0.3641,0.3254,1.17,-0.4901,1.0162,0.2483,0.1962,0.2584,-0.4238,-0.6538,0.1524,-0.687,0.6466,0.3377,-0.5827,0.0347,0.3176,-1.0444,-1.473,2.7294,-0.4079,-0.1182,0.3515,-0.1678,-0.4708,0.1396,1.1264,-0.345,1.3182,0.0449,0.3607,0.7265,-1.099,1.212,-0.8655,-0.7096,0.0084,-0.1017,0.3897,0.6539,0.04,-0.9823,0.7112,0.3182,-0.0563,-0.8869,-0.8349,-0.6436,0.0577,-0.9953,-0.5663,0.8461,0.2905,-0.9641,-0.308,0.3907,-0.3377,-0.3558,0.5869,-0.212,-1.0749,-0.5504,-0.0826,-0.9404,0.7272,0.0628,0.2852,-0.6145,-0.939,-0.3555,1.0205,0.7267,-0.7175,0.2909,-0.3499,0.376,1.1998,1.1418,-0.5926,0.5586,0.1795,0.9178,-0.6398,-0.4845,1.9435,-0.5225,-0.1576,-0.4696,-0.6631,-0.8201,-0.9054,-0.4184,-0.1409,-0.1742,0.4932,-1.0925,-0.156,-0.3476,0.1238,-0.1292,0.9454,-0.1689999999999999,-0.2458,0.5167,-0.6046,-0.7862,-0.6997,0.0133,-0.509,-0.7729,-0.1001,-1.0312,0.4195,-0.6741,-0.0242,-0.2004,-0.6797,0.1361,-0.3922,-0.8665,0.8220000000000001,0.7471,-1.5964,0.4256,-0.4388,0.3284,-0.7623,-0.3119,-0.3153,0.0058,1.8232,0.3341,0.6749,-0.1863,0.5409,-1.2535,-0.3421,-0.3302,-1.6526,0.5252,-0.9828,-0.4806,0.0518,-0.4609,0.0717,0.0451,-0.1928,-0.5999,-0.563,0.7964,-0.6138,0.9906,-0.6006,0.3602,-0.8617,0.2525,-0.3555,0.046,-0.823,-0.9471,0.0121,-0.6607,0.5668,0.2031,0.4111,-0.3588,-0.3426,-0.4344,-0.3146,1.2958,-0.6335,-0.5151,0.0558,-0.7677,-0.3241,0.0469,-1.0252,-0.0967,0.6881,0.8812,-0.9697,-0.5913,-0.8356,0.1359,-0.3109,0.5145,0.4266,-0.6955,0.3309,-0.0347,-0.2993,0.7803,-0.0952,-0.6856,0.2442,-0.3917,0.1695,0.0704,-0.2718,0.0048,0.7290000000000001,1.2168,0.5213,0.1228,1.4286,-0.1136,-0.0769,0.4052,-0.1297,-0.0064,0.2769,-0.2403,-1.4743,-0.2587,-0.0846,-0.0242,0.753,0.0283,2.9359,-0.3921,-0.3596,0.2052,0.8672,1.12,0.9686,-0.7829,-0.6325,0.7762,-0.6706,1.5877,-0.969,0.1262,-0.0558,-0.8085,-0.8116,-0.4362,-0.5402,-1.098,-0.3949,2.9491,2.8892,-0.0565,-0.1041,-0.2042,0.5985,0.768,0.1127,-0.8042,0.1412,-0.8201,-0.2463,-0.6229,-0.4731,0.7411,-0.613,-0.1726,-1.0417,-0.0259,0.9942,-0.9135,0.6521,1.1465,1.1624,0.6779999999999999,-0.1939999999999999,-0.1074,0.7904,0.2099,-0.1483,2.2061,0.4089,0.0518,1.6723,-1.1661,1.1383,0.4712,0.3879999999999999,1.6346,-0.048,-0.262,0.1652,-0.1598,-0.308,-0.4652,0.2883,-0.2361,-0.5,-0.7959999999999999,0.3014,-0.2279,-0.0566,-0.4822,0.7968,-0.0981,-1.212,-0.4623,2.3373,0.6651,1.6516,-0.7429,0.2874,0.0407,-0.2899,1.4366,0.6891,-0.8569,1.4344,-0.4562,-0.0141,1.0048,0.6548,-0.0267,2.3127,-0.5768,1.0416,-0.8797,1.2899,-1.4651,0.4903,-0.6148,-0.8347,0.1689999999999999,-0.8781,-0.0188,-1.6405,0.9407,1.0153,0.2952,0.6368,-1.0794,1.2206,0.0165,0.3141,0.8619,-0.2343,-0.0092,-0.8934,0.1377,-0.6765,0.6497,1.6251,-0.2851,0.337,1.6759,0.0639,0.1797,1.4275,0.4048,0.1155,-0.5094,2.0066,0.3911,-0.2797,-0.0003,-0.4721,0.2526,-0.4547,0.3191,0.3193,1.6406,-0.7339,0.4403,-0.0307,1.1427,-0.0014,-0.5670000000000001,0.5569,-0.0083,-0.4639,-0.516,1.1285,0.2445,-1.1840000000000002,-1.2112,-0.1761,-0.6592,1.0479,1.1063,0.2529,0.0234,-0.4504,0.402,0.6828,-0.9046,-0.4767,1.0155,1.0384,0.6129,-0.7593,0.3018,-0.2902,-0.889,0.2796,-0.1699,-0.0699,0.7346,0.6224,-0.4336,-0.581,0.1357,0.1041,1.2081,0.8808,1.1222,0.1643,-0.9936,0.6852,-0.2992,0.0531,-0.2076,-0.9433,-0.7933,0.55,0.2579,-0.3211,-0.6764,1.5138,-0.3536,0.3436,0.6295,2.238,-0.7111,-0.6609999999999999,0.4986,0.546,0.9502,0.8618,0.1573,0.9057,-0.2886,-0.1177,0.6137
0.0828,-0.4365,1.4567,0.695,-1.7418,0.3727,1.0358,0.3809,-0.8777,-0.8381,0.8109999999999999,1.3627,-0.9812,0.0401,1.7248,-0.0395,0.6127,1.4688,-0.1195,-0.2235,0.0522,-0.948,1.2696,-0.2221,0.9031,0.7402,0.675,-0.0079,0.2319,-1.2206,0.3555,-0.5081,-0.106,-0.1973,0.0226,-1.9493,0.2569,-0.5991,-0.1669,0.5439,0.7448,-0.2484,0.2552,-0.4269,0.1018,-0.555,0.1814,0.1049,-0.4679999999999999,0.7309,-0.3989999999999999,-1.3199,0.4842,-1.3051,-0.3737,-0.3572,-1.0853,0.6278,0.2155,-1.4905,1.3204,0.1081,-1.4841,0.6982,0.6348,-1.277,0.8568,-0.687,-1.219,2.1413,-1.6348,1.0577,-0.1595,0.8102,-0.0954,0.0225,-0.6626,0.2957,-0.2542,-0.7984,-0.4521,-1.3418,2.633,2.54,-0.8124,-0.062,0.4639999999999999,-0.8863,-0.9283,-0.4234,-1.1568,-0.3999,0.4361,-0.8556,-1.5703,0.4026,0.308,-0.3353,0.1489,-0.4425,0.4524,0.2066,-1.2218,1.2597,0.2538,-1.0177,1.6449,-0.5212,0.3948,-0.5116,0.0978,1.4122,-0.5034,0.0212,1.2812,0.1706,-0.5275,-0.094,-1.429,0.6853,0.3996,-0.425,-1.1666,1.5848,-0.633,1.2953,-0.4185,-1.5727,-0.9879,-0.2844,-0.3228,2.884,0.3445,-1.0113,0.264,-1.4277,-0.2136,1.4855,1.9653,-1.4427,0.3565,-1.1638,0.612,-1.5024,-1.0746,1.5635,-0.3721,1.683,0.0941,-0.7586,-0.4842,-0.011,-0.2996,1.252,-0.272,0.7527,2.2159,0.2674,0.2713,-0.4538,0.2205,-0.6381,0.0232,-0.2762,-0.6424,0.2212,-0.1896,0.7727,-0.0187,0.9663,-0.4408,0.2222,-0.0554,-0.2521,-1.9578,-0.0111,-0.8501,-0.698,0.0077,0.3783,0.379,-0.6728,-0.4208,0.9469,-1.8676,-0.4902,1.2785,-0.1995,-0.9554,0.0913,0.6174,-0.8936,0.0948,0.5668,-0.7142,-1.3711,-1.0472,-1.0459,-0.2164,-1.166,1.1152,1.3369,-0.1259,0.2527,0.7364,-0.8339,0.049,-0.7568,0.5061,0.0563,0.9331,-0.4665,-0.3314,0.3044,-0.0508,0.2568,-0.2099,-0.5039,-0.3755,0.3753,0.2747,0.5542,1.2282,-0.395,-0.2543,-1.2545,0.3893,0.4248,0.9209,0.4178,1.0402,0.8091,-0.2906,0.2122,-0.5741,-0.2391,0.5408,0.9137,-0.8799,0.9744,0.7495,0.5791,-0.6021,-0.436,-0.2531,0.4697,0.1668,-0.0635,-0.4141,2.0484,0.8209,-0.4448,1.3819,-1.1514,-0.6219,-0.8866,-0.5051,0.0335,0.3509,-0.8387,-0.0969999999999999,-0.8036,-0.0716,0.5675,0.5342,-0.8888,0.0108,1.7408,0.1097,-0.5622,-1.6225,-0.1726,-0.2744,0.7818,-0.7949,-0.945,-1.3155,-0.4016,0.4279,-0.7428,-0.3493,1.1768,0.4378,0.1558,0.0048,-0.3624,-0.4406,-0.7105,-0.4651,0.2921,-0.3054,1.4186,0.1915,-0.4916,-0.7845,-0.8653,-1.1257,0.7837,-1.3033,-0.9331,-0.6775,-0.9527,-1.0489,0.1423,-0.4105,0.0836,0.4326,0.0859,-0.3707,0.1866,-0.5017,-0.5162,-0.6083,-0.7779,0.0264,0.1036,1.3832,0.2253,0.3801,0.7793,1.2333,0.44,0.8759,-1.3096,-0.9337,1.6519,-0.6467,0.5285,0.2792,0.1946,2.1966,-0.3846,-0.3407,0.0937,0.3311,0.7832,0.0523,0.0002,-0.348,0.3946,0.2527,-0.8037,0.0932,-0.0206,-0.1544,0.0057,-0.579,-0.4014,-0.1761,-0.5996,-0.8463,0.1911,-1.781,-0.8907,0.1408,0.8712,0.1492,0.373,0.3858,0.057,1.0966,-0.5361,-0.9638,0.025,-0.9873,0.3352,0.9008,0.2079,1.2386,0.7947,0.6662,-0.0425,0.8692,2.5082,0.5411,0.6199,-0.3463,-0.361,0.5221,-0.1209,-0.3307,0.317,-0.2662,-0.6082,-0.5064,-0.9925,0.8207,-0.9024,-1.1457,-0.4179,0.3473,1.2149,0.0696,-0.3171,-0.7264,-0.7071,-0.9805,0.5949,1.734,-0.1498,-0.8151,-0.1903,0.3264,0.1533,0.5584,0.7406,-0.6149,0.1593,0.94,0.363,-1.5884,0.42,2.1307,2.201,0.0125,-0.4459,0.5662,-0.3513,-0.5495,-0.3865,2.1926,0.7494,-0.4748,-0.484,0.3466,0.6569,1.2261,0.2462,-0.6491,0.1715,-0.1529,-0.6452,-0.5867,-0.8993,0.8802,-0.2121,1.2846,0.3712,-0.087,-0.2033,0.9154,0.2511,-0.0085,-0.6381,-0.0724,-0.008,0.2668,0.345,2.1747,-0.6731,0.2936,0.402,0.8091,0.1504,-0.7042,-0.6423,-0.9127,-0.757,-0.1436,-0.7689,0.249,0.0605,0.2073,0.0394,-0.3372,-0.4811,0.9052,-1.5324,0.9735,0.9013,-0.1055,0.2145,-1.2679,0.2225,-0.8401,0.5645,-0.5372,0.2025,-0.4503,-0.7647,0.6124,2.0991,0.2975,0.2831,-0.81,-0.3898,-0.1951,-0.0458,-0.3824
0.6769,-0.2761,1.809,0.3862,-0.7486,1.1844,0.3362,1.2444,0.9644,-0.2282,1.5554,0.1061,-0.8831,1.24,3.4656,-0.1443,1.8417,0.6442,0.2477,1.0294,-0.4768,2.1849,-0.7819,1.3062,1.7931,0.6583,1.0771,0.6449,2.7979,2.001,1.9178,1.7263,-0.8025,-0.6257,-1.6603,0.8032,-1.0829,1.2048,0.3459,0.9378,1.3029,0.4979,1.8074,-0.2111,0.4922,0.8273,0.8824,-0.3341,-1.379,0.6829999999999999,-1.1748,-0.7164,0.7814,0.2616,-0.5659,-1.4419,-1.1766,1.9544,0.9539,-0.8095,-1.6104,0.3059,1.3133,-0.4952,2.4419,-1.0487,4.9586,1.1057,0.4479,-0.3246,-0.3884,-0.4088,0.5854,1.0335,0.7691,2.2009,0.369,-0.0851,-0.3987,0.3444,-1.6851,0.6041,3.3863,-1.936,-0.2405,0.9017,0.0384,0.4092,-0.5239,1.6013,0.7741,0.6456,2.0076,-1.3104,2.1249,-0.8212,0.2075,-0.2612,-1.4515,-1.2756,1.7904,0.0685,0.4347,-0.2394,1.2896,-0.3005,2.6481,1.9198,1.0234,-0.7841,1.4424,0.6419,-0.3644,-1.5941,-0.9354,-0.1825,0.469,-0.5909,0.0918,0.0713,1.4003,-0.3969,0.6685,-1.2014,-1.2408,-0.9468,1.7959,3.564,-1.7314,0.0219,-0.0347,0.8548,1.0214,-0.4469,1.1111,2.6729,-0.2685,0.8905,1.6103,-0.7375,-0.0021,0.2105,1.3728,0.2203,-1.4698,-0.7676,1.4506,-0.0479,-1.0674,-0.5015,0.0178,1.862,0.5059,-0.4422,0.6071,-0.5789,1.4289,-0.604,-1.3502,0.894,-2.1862,-0.2834,-0.05,-0.3855,0.1787,-0.3051,0.1225,0.0351,-0.8849,-0.942,-0.7185,1.4095,-0.4159,-0.855,-1.0961,-0.0962,-0.0215,0.0247,-0.8235,0.2239999999999999,-0.7669,-0.9313,2.5823,2.635,0.569,1.9593,1.0306,0.8193,-0.6443,-0.9564,-0.9383,0.1656,-0.5671,-0.2192,1.2139,-0.3253,-0.9916,2.6934,-0.3445,0.3972,0.5002,-0.7225,0.1747,0.4584,-0.4275,-0.7445,-0.0033,1.3421,0.2648,0.6023,-0.8855,1.6435,0.8223,-1.0715,-0.8128,0.7101,1.1026,0.0866,-0.5099,-1.0222,-1.4078,-1.3917,-1.0803,1.8008,0.3041,1.6638,0.4497,0.1785,0.0378,-1.0241,-1.4174,-0.8319,-2.0334,-1.1689,1.8906,-0.119,-1.2279,-0.0407,-0.4327,1.5222,-0.4059,0.6801,0.6098,0.3082,1.7953,0.0199,1.0949,0.1771,-1.7618,-0.5435,0.5498,0.4779,1.5518,-1.1342,1.0729,1.1758,2.5504,-0.3374,-0.0745,0.7891,-0.0429,0.1487,0.4776,-1.0626,-2.5832,0.8348,-2.778,-1.7819999999999998,-1.0872,-1.1085,-1.3316,-0.9023,0.2593,-1.1952,-0.6829,-0.3086,0.321,0.1546,-0.5757,2.3741,-2.6632,0.6197,2.0898,1.6546,1.4158,-0.4782,-0.0431,0.8359,-0.8392,-1.2886,-0.9948,0.1387,2.8925,0.6702,1.3591,-0.6176,0.6369,0.1754,1.1181,-1.2117,1.2158,-0.1033,-1.5275,0.2897,-0.9161,-1.0968,3.5065,0.231,-1.036,-1.3209,0.2776,-0.4748,-1.9965,1.4944,-1.9212,0.5193,1.235,0.3256,-0.3655,-0.7267,0.1836,1.2534,0.9174,0.4638,-1.3067,2.2517,-0.575,0.5742,-0.2213,1.9326,-1.2461,-0.6017,3.6478,-1.3291,0.5402,-1.1482,1.4969,-0.6548,1.3695,-0.4463,-1.1509,-0.2537,1.7974,1.6445,-0.285,-0.5702,3.6839,0.8706,0.2576,-2.3114,0.9509,0.9578,-2.5921,-0.9031,2.2977,-0.16,0.1451,0.7567,0.2863,1.6264,-0.496,-0.7028,-0.7141,0.9253,-0.1248,0.7576,-0.7477,-0.2596,1.8245,-0.1859,-0.0014,2.2714,0.0822,0.2872,0.0987,-1.2383,-1.3167,-1.5235,1.5897,-0.3442,0.2045,-0.3511,0.7359,2.0029,-0.4907,-0.2211,-2.3294,-1.0941,1.1746,0.2591,-0.5325,-1.0577,-0.1727,-0.5918,-0.8003,1.5359,0.6408,0.4569,-0.8977,1.8254,0.904,0.3927,-0.3983,-1.0951,1.4605,1.4749,0.628,0.3682,3.2212,2.3942,-1.1643,0.5097,-1.2585,-0.3353,-0.6001,-0.5123,0.5967,0.7417,0.4675,-1.0571,2.7656,0.7937,6.4123,-0.089,-0.8347,0.6978,-1.6269,-0.7032,-1.4103,0.0345,-1.2405,-0.7408,-0.9951,2.5444,-1.7247,-0.2716,1.1515,-1.3598,-1.2723,1.5548,-0.2191,-1.3018,1.4671,-1.4602,-1.4904,-0.4928,0.2356,0.0376,0.1359,-0.2019999999999999,0.5467,-1.0275,-0.7352,0.5818,0.4237,1.3022,-1.0346,-1.5938,-0.6626,-1.1894,-2.4213,-0.0216,0.6031,-0.9791,-1.6838,1.6018,-0.5787,-0.9257,0.3718,1.1999,-0.8143,-0.2746,-0.5659,-0.2508,-1.2897,0.3768,-1.3285,0.6776,-0.0887,0.6249,0.0843,-0.3892,0.7027,0.2111,-1.9614,0.5227,-0.427,0.4398,-0.6113
-0.5207,0.2761,0.1828,1.03,-0.9732,0.8368,0.5384,-0.5548,-0.5,-0.1383,-0.426,0.0634,0.1369999999999999,-0.6752,-0.6298,-0.5919,-0.8763,0.1282,2.6225,-0.6949,0.8121,-0.8461,0.3035,-0.5348,-1.0254,-0.83,-0.4587,-0.9516,-1.2424,-0.4537,-0.0676,-0.4354,0.4815,-0.0119,1.0422,-0.7675,0.3216,-0.381,-0.0732,-0.8298,-0.1855,-0.0295,-0.7427,-1.1953,-0.5164,-1.6785,-0.9303,0.4256,0.5762,-0.0494,0.0243,-1.0991,0.466,-1.0799,-0.0071,0.6201,0.5973,1.149,-1.0035,0.3789,-0.8819,-0.1939999999999999,-1.8378,-0.4895,0.2012,-1.2285,-0.6862,-0.325,-1.075,-0.0434,-0.6709,0.0559,-1.2848,-0.0637,-0.3007,-1.5255,0.0612,0.223,0.4069,0.1643,0.5713,-0.3394,0.3906,-1.0644,-1.4365,0.9412,-0.4655,-0.7721,-0.6387,-0.4217,0.4042,-0.4181,-0.2941,0.3501,-1.4029,0.8339,-0.4364,0.1795,0.8868,1.0163,-1.2719,0.4165,-1.0121,-1.016,-0.8009,-1.636,-0.2149,-0.0759,0.638,-0.9953,0.1411,-0.3912,-0.3077,0.4741,-1.5867,-0.6071,0.4237,-0.2148,-0.0365,0.0365,-0.9191,-0.5439,0.7126,-0.5322,0.3864,0.4864,0.0703,-1.6432,1.0086,0.7715,-1.0083,0.1342,-0.3764,-0.6471,-0.2114,1.4352,0.1915,-0.3814,0.1903,-1.1016,1.3351,-0.498,-0.3946,1.051,1.113,0.4477,-1.6935,0.452,1.0738,0.4255,-0.0293,0.3185,-0.7367,-0.2172,-0.8529,0.9673,2.1617,0.0405,0.6932,-1.7858,0.6399,-0.3206,-0.7325,-0.2664,-1.0518,0.6701,-0.2132,-0.153,-0.9668,0.4047,-0.3472,0.7291,-1.7036,-0.3159,0.3366,-0.769,0.8307,-0.2811,0.6697,0.2964,0.3211,0.1752,0.4009,-1.2765,0.0432,0.3102,0.1164,-2.017,1.1865,0.4009,0.2914,-0.1197,0.1406,0.7599,-1.0287,-0.4026,-1.2465,-0.5113,-0.0387,-0.6428,-0.2041,0.1727,-1.0271,-0.8803,-0.3297,2.3054,0.1664,-0.5105,-0.1969999999999999,0.8309,-0.3443,-0.691,-0.945,2.7597,0.5485,-1.5254,-1.0991,-0.0567,-1.0081,1.0766,0.4521,1.4842,0.5589,-0.0176,-0.4016,0.9005,0.7124,-1.0057,-0.3545,0.1591,-0.8531,-0.1225,0.0734,-0.3174,0.0978,0.0048,0.4289,-0.5724,-0.0674,-1.1133,-0.2373,0.0027,-1.1305,0.1067,-0.4545,-0.1168,0.4747,1.0764,0.3343,-0.0679,-0.9016,-1.2022,-0.7656,1.5066,-1.3226,0.8705,0.4283,0.2889,1.3458,0.0232,0.7786,0.1893,0.5612,-1.1417,-0.575,-0.8894,1.1432,0.6458,0.3787,-0.4366,-0.1408,-1.8636,-0.9404,0.1619,0.2377,1.9074,0.8489,0.4638,-0.937,-0.8684,0.1118,0.7958,-0.2828,-1.1077,-1.7884,1.5259,0.4753,-1.0304,0.4373,1.4522,0.2506,-0.9515,0.2929,-1.073,-1.1774,0.1254,-0.5428,1.5791,-0.3677,-0.5557,-0.154,1.4433,1.1494,-0.5151,-1.5691,1.0078,0.103,-0.9612,-0.2084,0.1989,-0.8535,0.7979999999999999,0.755,-0.7662,0.0482,1.0459,0.148,0.7762,-1.3413,-0.9137,0.5271,-0.6215,0.3547,0.622,-0.3707,0.2892,0.4362,-0.2699,-0.2025,-1.0442,0.0473,0.928,-0.9033,0.2724,0.0809,-0.0114,1.8655,-0.826,-0.5459,-0.767,0.4852,0.6309,-0.5761,-0.3729,2.6205,0.5509,1.8843,-0.2012,-0.3215,-0.2234,-0.0243,-0.9295,1.0098,0.115,-1.0641,-0.0089,0.6345,0.504,0.6511,-0.2453,0.0027,0.7028,-0.2389,-0.2137,-0.0764,-2.0807,0.2656,-0.4716,0.1589,-0.684,1.2867,0.5172,-0.1405,0.5099,0.0357,-0.2478,0.1096,1.3233,-0.5679,0.4192,-0.3805,0.0027,0.6217,-1.0125,-1.1399,0.5777,-0.6983,0.626,-0.3377,-0.2447,0.4318,0.3879999999999999,-0.2766,0.804,0.3777,0.2648,-1.1747,0.8284,0.1458,-0.7103,-0.1531,-0.5477,0.0873,0.2331,-0.6958,-0.0324,-0.2689,0.6353,-0.9307,0.2882,-1.8059,-1.9734,1.5616,-0.4303,1.8559,1.0585,0.1438,-0.5482,2.1358,1.9531,2.3036,0.3343,-0.5816,0.2041,0.0863,-0.1948,1.5342,0.2302,0.8864,-0.9214,0.4328,0.2245,0.1331,-0.0279,0.3979,-0.2858,0.78,0.9472,0.3883,0.5670000000000001,0.7604,0.2238,-1.9381,0.3581,-0.4635,-0.0437,-1.0649,0.0579,-1.51,-0.5870000000000001,0.2042,0.6242,-0.5831,-1.0559,-0.3199,-0.7135,0.8046,0.4916,0.6493,0.6271,1.7708,0.1725,-0.7456,-0.1106,0.4677,0.8772,-1.0563,1.4851,-0.5957,-1.0017,2.0027,0.1616,0.6102,0.3979999999999999,0.3824,3.8644,1.1729,-0.5982,-0.3908,-0.0672,-0.6483,-1.0471,0.6057,0.0891,-0.5047,-1.3447,-0.4235,0.3684,-0.8654
-0.2393,-2.4202,-0.2717,0.488,0.3829,-2.2461,0.8632,-0.7474,0.8187,0.2631,0.2006,-1.6343,0.3684,-0.0932,-0.087,-0.7718,0.7819,0.1722,1.175,-0.1658,0.0574,-0.7627,0.4481,-0.3465,-1.1937,-0.9352,-0.8217,-2.3002,-0.1939999999999999,0.4442,0.0683,-0.6805,-1.7736,-1.0792,-2.0077,0.4955,0.3412,0.1464,-0.204,-1.0169,-0.0917,0.0914,0.6098,-0.4092,-1.1573,-1.3979,-0.6414,-0.5695,-2.1002,-1.1518,-2.4056,-0.1235,0.0681,0.3691,-0.6804,2.4048,0.2152,0.2298,-0.0882,1.5719,-0.4178,0.2186,-0.2868,0.008,-0.3628,-0.1442,-0.871,0.9283,-0.679,-2.3556,1.3934,-0.4359,-0.1656,-1.4312,-0.3297,-0.0688,-1.1608,1.0215,-0.5126,-0.659,-0.7425,-0.754,-1.0563,-0.2119,0.0091,-0.9641,1.0275,-0.8959,2.1972,-1.6656,-0.8373,-1.5778,-0.3634,-1.1253,-0.5778,-0.2278,1.8936,0.8733,-0.7598,0.9947,0.3402,0.8884,-0.3671,-0.4874,0.0784,-0.4422,-0.7798,-0.9802,0.5816,-0.732,-1.0828,-1.2417,0.3926,-0.7306,-0.0835,0.7746,-0.1544,-2.3918,0.1745,-0.6575,-0.5352,0.713,1.9711,-0.5624,-0.8754,-0.7862,0.8891,-0.1385,-1.4495,-0.0492,0.3631,-0.8547,0.128,1.1392,-0.3279999999999999,-1.1641,-1.6004,-1.2287,-0.8395,-0.9005,-0.0402,1.2551,-0.6668,0.7424,-1.6375,-0.2022,-0.754,-2.2208,-1.947,-0.3966,4.4091,-0.377,-0.8496,-0.356,-0.6021,-0.6909,-0.2416,-0.1763,-0.2607,-1.1013,-0.2688,0.2158,-0.8407,-1.473,1.1867,-2.235,-1.5841,0.3784,-0.9581,-0.5464,-1.2528,2.1306,-0.0076,-0.6042,1.2343,-0.6283,-1.7752,-0.1225,0.5318,-0.3318,-0.1576,-0.2929,-1.2504,-0.9773,0.8755,0.4014,-0.1614,1.7038,0.4809,-1.9896,-0.2855,-0.8222,3.3032,-0.5611,2.5526,-1.1635,0.5637,-0.5227,-0.2358,-1.753,0.2006,0.8604,-1.1256,2.6234,0.0788,0.5271,-0.5142,-0.7177,-0.8274,-0.1965,0.0111,1.3797,-0.6514,-0.5886,-1.7843,0.3063,0.2722,4.1375,0.6292,-0.7334,0.4789,-1.0183,-1.3530000000000002,-0.7531,-1.92,0.1655,1.2849,0.6017,2.7022,-0.6935,-0.6334,-2.051,-1.8498,1.0289,-0.8371,-1.2971,-1.116,-1.2179,-1.2977,-0.8173,0.5166,-0.5386,-0.7778,0.3343,-0.5002,0.1217,-0.0069999999999999,1.6030000000000002,0.9722,-1.0389,-1.673,-1.4184,1.032,-0.7452,-0.2316,0.5045,-0.4394,-0.2428,-2.0542,0.795,-0.8422,0.6665,0.0975,1.1956,0.3545,-1.3143,-2.4153,-0.5829,-1.3395,1.5065,-0.9979,0.4769,-0.1159999999999999,0.5115,0.2586,0.293,1.227,-0.7877,1.2478,-0.1166,0.3578,-0.5939,-0.2235,-1.4092,-0.0862,1.3548,2.6458,-0.0935,0.0679,0.6813,0.478,-1.4001,1.5191,-0.8565,0.8455,-2.3089,1.3088,-1.0443,1.5695,-1.485,0.3793,-0.7195,-0.1105,0.4231,-0.2758,0.2588,-0.2109,-0.126,-0.578,-1.3722,-0.5562,-0.3176,0.8566,-1.0424,-0.046,0.3059,0.1815,-1.0293,-1.0593,-0.9764,-2.342,-1.9633,0.4582,-0.128,-0.6026,-1.1686,4.6569,0.4393,-1.2968,0.7173,-0.3414,-0.5321,1.1116,-1.839,1.0583,-1.6721,0.6613,0.2496,-0.1056,1.8516,0.9004,-1.3823,-0.1874,-1.4372,1.9812,0.0061,0.4577,0.7612,0.0178,-1.3821,-1.7058,-0.25,0.0737,0.2939,0.0187,0.5317,-0.2689,4.1814,-0.8384,-0.3925,-1.0694,0.1052,0.2939,0.2329,0.0882,0.1658,-0.9831,-0.3756,-0.2103,-0.8051,0.5026,0.4511,-2.3946,-0.0556,0.6673,0.1181,-1.403,-2.2931,-0.5356,0.3645,-0.923,-0.6577,-3.2104,-1.2174,-0.9935,-0.4809,-0.3931,2.5756,0.7003,-0.395,-0.1681,0.3612,-1.2186,-0.5211,1.1164,-0.8075,3.6887,-1.0457,0.5307,0.557,-1.1433,-0.2389,-0.4472,-0.8541,0.2451,1.1082,1.358,1.9954,-0.1145,-0.276,0.2878,-1.411,0.2514,-0.138,-0.8724,-1.5708,2.0716,-0.8105,-0.5556,1.626,1.5748,-0.5941,-0.735,-1.9509,1.0394,1.9345,-0.5133,-2.4639,0.4247,0.5503,-0.5656,-1.256,-0.8511,-0.6679999999999999,0.9318,-0.3189,0.2032,-0.643,0.8665,-0.8585,-1.1465,-0.5368,-0.3651,-0.8393,0.3665,0.4437,-0.3283,0.2208,-0.6264,-0.289,3.8343,-0.6771,0.9858,0.2821,2.2773,-0.502,0.0983,-0.1716,-1.5867,-0.0668,0.0624,0.0733,-0.0101,2.0056,-0.3931,-0.1368,-0.3186,0.6354,-0.0884,-1.0397,-1.0656,0.8959999999999999,-0.7951,0.7228,2.3432,1.4157,-0.0084,-0.1603,-0.4129,-1.4741,-0.5604,-0.568,2.7626,-1.5125,-0.4689,2.2401,-0.2789,-0.5182,-0.8102
